symbol,name,underlyingIndexName,legacyAssetClass,assetClass,legacySectorCode,sectorCode,region,stockSectorCode,rotationSource,marketSource,peerGroup,basis,confidence
0008T0,SOL 화장품TOP3플러스,FnGuide 화장품TOP3 플러스 지수(PR),equity,equity,HEALTH_SVC,HEALTH_SVC,KR,HEALTH_SVC,domestic_stock_sector,domestic_stock_sector,KR:HEALTH_SVC,existing_sector_plus_name_index,semantic_mapping_not_constituent_verified
0023A0,SOL 미국양자컴퓨팅TOP10,KEDI 미국양자컴퓨팅 TOP10(PR),equity,equity,MARKET_IDX,MULTI_TECH,US,,not_applicable_no_compatible_stock_sector,own_underlying_regime,US:MULTI_TECH,symbol_override_from_name_index,semantic_mapping_not_constituent_verified
0043B0,TIGER 머니마켓액티브,KIS-미래에셋 MMF지수,bond_cash,bond_cash,MARKET_IDX,BOND_CASH,KR,,excluded_nonplain_equity,not_researched,KR:BOND_CASH,existing_sector_plus_name_index,semantic_mapping_not_constituent_verified
0051G0,SOL 미국원자력SMR,KEDI 미국원자력 SMR 지수(PR),equity,equity,ENERGY,ENERGY,US,,not_applicable_no_compatible_stock_sector,own_underlying_regime,US:ENERGY,existing_sector_plus_name_index,semantic_mapping_not_constituent_verified
0052D0,TIGER 코리아배당다우존스,Dow Jones Korea Dividend 30 지수 (Price Return),equity,equity,MARKET_IDX,MARKET_IDX,KR,,not_applicable_no_compatible_stock_sector,own_underlying_regime,KR:MARKET_IDX,existing_sector_plus_name_index,semantic_mapping_not_constituent_verified
0053L0,TIGER 차이나휴머노이드로봇,Mirae Asset China Humanoid Robot 지수(PR),equity,equity,SHIP_DEF,SHIP_DEF,CN,,not_applicable_no_compatible_stock_sector,own_underlying_regime,CN:SHIP_DEF,existing_sector_plus_name_index,semantic_mapping_not_constituent_verified
0072R0,TIGER KRX금현물,KRX 금현물지수,commodity_fx,commodity_fx,MARKET_IDX,COMMODITY_FX,KR,,excluded_nonplain_equity,not_researched,KR:COMMODITY_FX,existing_sector_plus_name_index,semantic_mapping_not_constituent_verified
0080G0,KODEX 방산TOP10,iSelect 방산 TOP10 지수(Price Return),equity,equity,SHIP_DEF,SHIP_DEF,KR,SHIP_DEF,domestic_stock_sector,domestic_stock_sector,KR:SHIP_DEF,existing_sector_plus_name_index,semantic_mapping_not_constituent_verified
0091P0,TIGER 코리아원자력,iSelect 코리아 원자력 지수 (Price Return),equity,equity,ENERGY,ENERGY,KR,ENERGY,domestic_stock_sector,domestic_stock_sector,KR:ENERGY,existing_sector_plus_name_index,semantic_mapping_not_constituent_verified
0105D0,SOL 한국AI소프트웨어,KEDI 한국AI소프트웨어 지수(PR),equity,equity,SOFTWARE,SOFTWARE,KR,SOFTWARE,domestic_stock_sector,domestic_stock_sector,KR:SOFTWARE,existing_sector_plus_name_index,semantic_mapping_not_constituent_verified
0117V0,TIGER 코리아AI전력기기TOP3플러스,KEDI 코리아AI전력기기TOP3플러스 지수,equity,equity,SHIP_DEF,ENERGY,KR,ENERGY,domestic_stock_sector,domestic_stock_sector,KR:ENERGY,symbol_override_from_name_index,semantic_mapping_not_constituent_verified
0148J0,TIGER 코리아휴머노이드로봇산업,KEDI 코리아 휴머노이드로봇산업 지수 (PR),equity,equity,SHIP_DEF,SHIP_DEF,KR,SHIP_DEF,domestic_stock_sector,domestic_stock_sector,KR:SHIP_DEF,existing_sector_plus_name_index,semantic_mapping_not_constituent_verified
0162Z0,RISE 삼성전자SK하이닉스채권혼합50,KAP 삼성전자SK하이닉스채권혼합50 지수,mixed,mixed,MARKET_IDX,MULTI_ASSET,KR,,excluded_nonplain_equity,not_researched,KR:MULTI_ASSET,existing_sector_plus_name_index,semantic_mapping_not_constituent_verified
0167A0,SOL AI반도체TOP2플러스,FnGuide AI반도체 TOP2 플러스 지수(PR),equity,equity,SEMI,SEMI,KR,SEMI,domestic_stock_sector,domestic_stock_sector,KR:SEMI,existing_sector_plus_name_index,semantic_mapping_not_constituent_verified
0173Y0,KODEX 미국AI광통신네트워크,Akros 미국 AI 광통신 및 네트워크 인프라 지수(PR),reit_infra,equity,TELCO_MEDIA,IT_HW,US,,not_applicable_no_compatible_stock_sector,own_underlying_regime,US:IT_HW,symbol_override_from_name_index,semantic_mapping_not_constituent_verified
0177N0,KODEX 삼성전자SK하이닉스채권혼합50,Wise 삼성전자 SK하이닉스 채권혼합 지수,mixed,mixed,MARKET_IDX,MULTI_ASSET,KR,,excluded_nonplain_equity,not_researched,KR:MULTI_ASSET,existing_sector_plus_name_index,semantic_mapping_not_constituent_verified
0177R0,TIGER 반도체TOP10커버드콜액티브,FnGuide 반도체 TOP10 Capped 지수(Price Return),option_overlay,option_overlay,SEMI,SEMI,KR,SEMI,excluded_nonplain_equity,not_researched,KR:SEMI,existing_sector_plus_name_index,semantic_mapping_not_constituent_verified
0182R0,1Q K반도체TOP2+,NICE K반도체 TOP2 MAX+ 지수,equity,equity,SEMI,SEMI,KR,SEMI,domestic_stock_sector,domestic_stock_sector,KR:SEMI,existing_sector_plus_name_index,semantic_mapping_not_constituent_verified
0183J0,TIGER 미국우주테크,Akros U.S. Space Tech 지수(PR),equity,equity,SHIP_DEF,SHIP_DEF,US,,not_applicable_no_compatible_stock_sector,own_underlying_regime,US:SHIP_DEF,existing_sector_plus_name_index,semantic_mapping_not_constituent_verified
0193T0,KODEX SK하이닉스단일종목레버리지,KRX SK하이닉스 지수,leveraged_inverse,leveraged_inverse,SEMI,SEMI,KR,SEMI,excluded_nonplain_equity,not_researched,KR:SEMI,existing_sector_plus_name_index,semantic_mapping_not_constituent_verified
0193W0,KODEX 삼성전자단일종목레버리지,KRX 삼성전자 지수,leveraged_inverse,leveraged_inverse,SEMI,SEMI,KR,SEMI,excluded_nonplain_equity,not_researched,KR:SEMI,existing_sector_plus_name_index,semantic_mapping_not_constituent_verified
0195R0,TIGER 삼성전자단일종목레버리지,KRX 삼성전자 지수,leveraged_inverse,leveraged_inverse,SEMI,SEMI,KR,SEMI,excluded_nonplain_equity,not_researched,KR:SEMI,existing_sector_plus_name_index,semantic_mapping_not_constituent_verified
0195S0,TIGER SK하이닉스단일종목레버리지,KRX SK하이닉스 지수,leveraged_inverse,leveraged_inverse,SEMI,SEMI,KR,SEMI,excluded_nonplain_equity,not_researched,KR:SEMI,existing_sector_plus_name_index,semantic_mapping_not_constituent_verified
0197X0,SOL SK하이닉스선물단일종목인버스2X,KRX SK하이닉스 선물 지수,leveraged_inverse,leveraged_inverse,MARKET_IDX,SEMI,KR,SEMI,excluded_nonplain_equity,not_researched,KR:SEMI,symbol_override_from_name_index,semantic_mapping_not_constituent_verified
0210A0,ACE K반도체TOP2+,KRX K-AI 반도체TOP2+ 지수,equity,equity,SEMI,SEMI,KR,SEMI,domestic_stock_sector,domestic_stock_sector,KR:SEMI,existing_sector_plus_name_index,semantic_mapping_not_constituent_verified
0219E0,KODEX 200커버드콜액티브,코스피 200 커버드콜 5% OTM,option_overlay,option_overlay,MARKET_IDX,MARKET_IDX,KR,,excluded_nonplain_equity,not_researched,KR:MARKET_IDX,existing_sector_plus_name_index,semantic_mapping_not_constituent_verified
069500,KODEX 200,코스피 200,equity,equity,MARKET_IDX,MARKET_IDX,KR,,not_applicable_no_compatible_stock_sector,own_underlying_regime,KR:MARKET_IDX,existing_sector_plus_name_index,semantic_mapping_not_constituent_verified
069660,KIWOOM 200,코스피 200,equity,equity,MARKET_IDX,MARKET_IDX,KR,,not_applicable_no_compatible_stock_sector,own_underlying_regime,KR:MARKET_IDX,existing_sector_plus_name_index,semantic_mapping_not_constituent_verified
091160,KODEX 반도체,KRX 반도체,equity,equity,SEMI,SEMI,KR,SEMI,domestic_stock_sector,domestic_stock_sector,KR:SEMI,existing_sector_plus_name_index,semantic_mapping_not_constituent_verified
091170,KODEX 은행,KRX 은행,equity,equity,FINANCE,FINANCE,KR,FINANCE,domestic_stock_sector,domestic_stock_sector,KR:FINANCE,existing_sector_plus_name_index,semantic_mapping_not_constituent_verified
091180,KODEX 자동차,KRX 자동차,equity,equity,AUTO,AUTO,KR,AUTO,domestic_stock_sector,domestic_stock_sector,KR:AUTO,existing_sector_plus_name_index,semantic_mapping_not_constituent_verified
091220,TIGER 은행,KRX 은행,equity,equity,FINANCE,FINANCE,KR,FINANCE,domestic_stock_sector,domestic_stock_sector,KR:FINANCE,existing_sector_plus_name_index,semantic_mapping_not_constituent_verified
091230,TIGER 반도체,KRX 반도체,equity,equity,SEMI,SEMI,KR,SEMI,domestic_stock_sector,domestic_stock_sector,KR:SEMI,existing_sector_plus_name_index,semantic_mapping_not_constituent_verified
099140,KODEX 차이나H,Hang Seng China H,equity,equity,ETC,MARKET_IDX,CN,,not_applicable_no_compatible_stock_sector,own_underlying_regime,CN:MARKET_IDX,existing_sector_plus_name_index,semantic_mapping_not_constituent_verified
101280,KODEX 일본TOPIX100,TOPIX100,equity,equity,ETC,MARKET_IDX,JP,,not_applicable_no_compatible_stock_sector,own_underlying_regime,JP:MARKET_IDX,existing_sector_plus_name_index,semantic_mapping_not_constituent_verified
102110,TIGER 200,코스피 200,equity,equity,MARKET_IDX,MARKET_IDX,KR,,not_applicable_no_compatible_stock_sector,own_underlying_regime,KR:MARKET_IDX,existing_sector_plus_name_index,semantic_mapping_not_constituent_verified
102780,KODEX 삼성그룹,삼성그룹,equity,equity,MARKET_IDX,MARKET_IDX,KR,,not_applicable_no_compatible_stock_sector,own_underlying_regime,KR:MARKET_IDX,existing_sector_plus_name_index,semantic_mapping_not_constituent_verified
102960,KODEX 기계장비,KRX 기계장비,equity,equity,SHIP_DEF,SHIP_DEF,KR,SHIP_DEF,domestic_stock_sector,domestic_stock_sector,KR:SHIP_DEF,existing_sector_plus_name_index,semantic_mapping_not_constituent_verified
102970,KODEX 증권,KRX 증권,equity,equity,FINANCE,FINANCE,KR,FINANCE,domestic_stock_sector,domestic_stock_sector,KR:FINANCE,existing_sector_plus_name_index,semantic_mapping_not_constituent_verified
104520,KIWOOM 블루칩,MKF 블루칩,equity,equity,ETC,MARKET_IDX,KR,,not_applicable_no_compatible_stock_sector,own_underlying_regime,KR:MARKET_IDX,existing_sector_plus_name_index,semantic_mapping_not_constituent_verified
105190,ACE 200,코스피 200,equity,equity,MARKET_IDX,MARKET_IDX,KR,,not_applicable_no_compatible_stock_sector,own_underlying_regime,KR:MARKET_IDX,existing_sector_plus_name_index,semantic_mapping_not_constituent_verified
105780,RISE 5대그룹주,MKF 5대그룹주,equity,equity,ETC,MARKET_IDX,KR,,not_applicable_no_compatible_stock_sector,own_underlying_regime,KR:MARKET_IDX,existing_sector_plus_name_index,semantic_mapping_not_constituent_verified
108450,ACE 삼성그룹섹터가중,MKF SAMs SW,equity,equity,ETC,MARKET_IDX,KR,,not_applicable_no_compatible_stock_sector,own_underlying_regime,KR:MARKET_IDX,existing_sector_plus_name_index,semantic_mapping_not_constituent_verified
108590,TREX 200,코스피 200,equity,equity,MARKET_IDX,MARKET_IDX,KR,,not_applicable_no_compatible_stock_sector,own_underlying_regime,KR:MARKET_IDX,existing_sector_plus_name_index,semantic_mapping_not_constituent_verified
114100,RISE 국고채3년,KTB INDEX(시장가격),bond_cash,bond_cash,MARKET_IDX,BOND_CASH,KR,,excluded_nonplain_equity,not_researched,KR:BOND_CASH,existing_sector_plus_name_index,semantic_mapping_not_constituent_verified
114260,KODEX 국고채3년,MKF 국고채지수(총수익),bond_cash,bond_cash,MARKET_IDX,BOND_CASH,KR,,excluded_nonplain_equity,not_researched,KR:BOND_CASH,existing_sector_plus_name_index,semantic_mapping_not_constituent_verified
114470,KIWOOM 국고채3년,KTB INDEX(시장가격),bond_cash,bond_cash,MARKET_IDX,BOND_CASH,KR,,excluded_nonplain_equity,not_researched,KR:BOND_CASH,existing_sector_plus_name_index,semantic_mapping_not_constituent_verified
114800,KODEX 인버스,코스피 200 선물지수,leveraged_inverse,leveraged_inverse,MARKET_IDX,MARKET_IDX,KR,,excluded_nonplain_equity,not_researched,KR:MARKET_IDX,existing_sector_plus_name_index,semantic_mapping_not_constituent_verified
114820,TIGER 국채3년,KTB INDEX(시장가격),bond_cash,bond_cash,MARKET_IDX,BOND_CASH,KR,,excluded_nonplain_equity,not_researched,KR:BOND_CASH,existing_sector_plus_name_index,semantic_mapping_not_constituent_verified
117460,KODEX 에너지화학,KRX 에너지화학,equity,equity,ENERGY,ENERGY,KR,ENERGY,domestic_stock_sector,domestic_stock_sector,KR:ENERGY,existing_sector_plus_name_index,semantic_mapping_not_constituent_verified
117680,KODEX 철강,KRX 철강,equity,equity,CHEM_STEEL,CHEM_STEEL,KR,CHEM_STEEL,domestic_stock_sector,domestic_stock_sector,KR:CHEM_STEEL,existing_sector_plus_name_index,semantic_mapping_not_constituent_verified
117700,KODEX 건설,KRX 건설,equity,equity,CONSTRUCT,CONSTRUCT,KR,CONSTRUCT,domestic_stock_sector,domestic_stock_sector,KR:CONSTRUCT,existing_sector_plus_name_index,semantic_mapping_not_constituent_verified
122090,PLUS 코스피50,코스피 50,equity,equity,MARKET_IDX,MARKET_IDX,KR,,not_applicable_no_compatible_stock_sector,own_underlying_regime,KR:MARKET_IDX,existing_sector_plus_name_index,semantic_mapping_not_constituent_verified
122260,KIWOOM 통안채1년,MK 통안채지수(총수익),bond_cash,bond_cash,ETC,BOND_CASH,KR,,excluded_nonplain_equity,not_researched,KR:BOND_CASH,existing_sector_plus_name_index,semantic_mapping_not_constituent_verified
122630,KODEX 레버리지,코스피 200,leveraged_inverse,leveraged_inverse,MARKET_IDX,MARKET_IDX,KR,,excluded_nonplain_equity,not_researched,KR:MARKET_IDX,existing_sector_plus_name_index,semantic_mapping_not_constituent_verified
123310,TIGER 인버스,코스피 200 선물지수,leveraged_inverse,leveraged_inverse,MARKET_IDX,MARKET_IDX,KR,,excluded_nonplain_equity,not_researched,KR:MARKET_IDX,existing_sector_plus_name_index,semantic_mapping_not_constituent_verified
123320,TIGER 레버리지,코스피 200,leveraged_inverse,leveraged_inverse,MARKET_IDX,MARKET_IDX,KR,,excluded_nonplain_equity,not_researched,KR:MARKET_IDX,existing_sector_plus_name_index,semantic_mapping_not_constituent_verified
130680,TIGER 원유선물Enhanced(H),S&P GSCI Crude Oil Enhanced Index ER,commodity_fx,commodity_fx,MARKET_IDX,COMMODITY_FX,US,,excluded_nonplain_equity,not_researched,US:COMMODITY_FX,existing_sector_plus_name_index,semantic_mapping_not_constituent_verified
130730,KIWOOM 단기자금,MK 머니마켓 지수(총수익),bond_cash,bond_cash,MARKET_IDX,BOND_CASH,KR,,excluded_nonplain_equity,not_researched,KR:BOND_CASH,existing_sector_plus_name_index,semantic_mapping_not_constituent_verified
132030,KODEX 골드선물(H),S&P GSCI Gold Index(TR),commodity_fx,commodity_fx,MARKET_IDX,COMMODITY_FX,US,,excluded_nonplain_equity,not_researched,US:COMMODITY_FX,existing_sector_plus_name_index,semantic_mapping_not_constituent_verified
133690,TIGER 미국나스닥100,NASDAQ 100,equity,equity,MARKET_IDX,MARKET_IDX,US,,not_applicable_no_compatible_stock_sector,own_underlying_regime,US:MARKET_IDX,existing_sector_plus_name_index,semantic_mapping_not_constituent_verified
136340,RISE 중기우량회사채,KOBI 크레딧 지수(총수익),bond_cash,bond_cash,MARKET_IDX,BOND_CASH,KR,,excluded_nonplain_equity,not_researched,KR:BOND_CASH,existing_sector_plus_name_index,semantic_mapping_not_constituent_verified
137610,TIGER 농산물선물Enhanced(H),S&P GSCI Agriculture Enhanced Index(ER),commodity_fx,commodity_fx,MARKET_IDX,COMMODITY_FX,US,,excluded_nonplain_equity,not_researched,US:COMMODITY_FX,existing_sector_plus_name_index,semantic_mapping_not_constituent_verified
138230,KIWOOM 미국달러선물,미국달러선물지수,commodity_fx,commodity_fx,MARKET_IDX,COMMODITY_FX,US,,excluded_nonplain_equity,not_researched,US:COMMODITY_FX,existing_sector_plus_name_index,semantic_mapping_not_constituent_verified
138540,TIGER 현대차그룹플러스,MKF 현대차그룹+ FW,equity,equity,AUTO,AUTO,KR,AUTO,domestic_stock_sector,domestic_stock_sector,KR:AUTO,existing_sector_plus_name_index,semantic_mapping_not_constituent_verified
139220,TIGER 200 건설,코스피 200 건설,equity,equity,CONSTRUCT,CONSTRUCT,KR,CONSTRUCT,domestic_stock_sector,domestic_stock_sector,KR:CONSTRUCT,existing_sector_plus_name_index,semantic_mapping_not_constituent_verified
139230,TIGER 200 중공업,코스피 200 중공업,equity,equity,SHIP_DEF,SHIP_DEF,KR,SHIP_DEF,domestic_stock_sector,domestic_stock_sector,KR:SHIP_DEF,existing_sector_plus_name_index,semantic_mapping_not_constituent_verified
139240,TIGER 200 철강소재,코스피 200 철강/소재,equity,equity,CHEM_STEEL,CHEM_STEEL,KR,CHEM_STEEL,domestic_stock_sector,domestic_stock_sector,KR:CHEM_STEEL,existing_sector_plus_name_index,semantic_mapping_not_constituent_verified
139250,TIGER 200 에너지화학,코스피 200 에너지/화학,equity,equity,ENERGY,ENERGY,KR,ENERGY,domestic_stock_sector,domestic_stock_sector,KR:ENERGY,existing_sector_plus_name_index,semantic_mapping_not_constituent_verified
139260,TIGER 200 IT,코스피 200 정보기술,equity,equity,MARKET_IDX,IT_HW,KR,IT_HW,domestic_stock_sector,domestic_stock_sector,KR:IT_HW,symbol_override_from_name_index,semantic_mapping_not_constituent_verified
139270,TIGER 200 금융,코스피 200 금융,equity,equity,FINANCE,FINANCE,KR,FINANCE,domestic_stock_sector,domestic_stock_sector,KR:FINANCE,existing_sector_plus_name_index,semantic_mapping_not_constituent_verified
139280,TIGER 경기방어,코스피 200 경기방어소비재,equity,equity,ETC,CONSUMER,KR,CONSUMER,domestic_stock_sector,domestic_stock_sector,KR:CONSUMER,symbol_override_from_name_index,semantic_mapping_not_constituent_verified
139290,TIGER 200 경기소비재,코스피 200 경기소비재,equity,equity,CONSUMER,CONSUMER,KR,CONSUMER,domestic_stock_sector,domestic_stock_sector,KR:CONSUMER,existing_sector_plus_name_index,semantic_mapping_not_constituent_verified
139660,KIWOOM 미국달러선물인버스,미국달러선물지수,leveraged_inverse,leveraged_inverse,MARKET_IDX,MARKET_IDX,US,,excluded_nonplain_equity,not_researched,US:MARKET_IDX,existing_sector_plus_name_index,semantic_mapping_not_constituent_verified
140700,KODEX 보험,KRX 보험,equity,equity,FINANCE,FINANCE,KR,FINANCE,domestic_stock_sector,domestic_stock_sector,KR:FINANCE,existing_sector_plus_name_index,semantic_mapping_not_constituent_verified
140710,KODEX 운송,KRX 운송,equity,equity,CONSTRUCT,CONSTRUCT,KR,CONSTRUCT,domestic_stock_sector,domestic_stock_sector,KR:CONSTRUCT,existing_sector_plus_name_index,semantic_mapping_not_constituent_verified
140950,파워 코스피100,코스피 100,equity,equity,MARKET_IDX,MARKET_IDX,KR,,not_applicable_no_compatible_stock_sector,own_underlying_regime,KR:MARKET_IDX,existing_sector_plus_name_index,semantic_mapping_not_constituent_verified
143850,TIGER 미국S&P500선물(H),S&P 500 Futures Index(ER),equity,equity,MARKET_IDX,MARKET_IDX,US,,not_applicable_no_compatible_stock_sector,own_underlying_regime,US:MARKET_IDX,existing_sector_plus_name_index,semantic_mapping_not_constituent_verified
143860,TIGER 헬스케어,KRX 헬스케어,equity,equity,BIO,BIO,KR,BIO,domestic_stock_sector,domestic_stock_sector,KR:BIO,existing_sector_plus_name_index,semantic_mapping_not_constituent_verified
144600,KODEX 은선물(H),S&P GSCI Silver Index(TR),commodity_fx,commodity_fx,MARKET_IDX,COMMODITY_FX,US,,excluded_nonplain_equity,not_researched,US:COMMODITY_FX,existing_sector_plus_name_index,semantic_mapping_not_constituent_verified
145670,ACE 인버스,코스피 200 선물지수,leveraged_inverse,leveraged_inverse,MARKET_IDX,MARKET_IDX,KR,,excluded_nonplain_equity,not_researched,KR:MARKET_IDX,existing_sector_plus_name_index,semantic_mapping_not_constituent_verified
147970,TIGER 모멘텀,FnGuide 모멘텀 지수,equity,equity,ETC,MARKET_IDX,KR,,not_applicable_no_compatible_stock_sector,own_underlying_regime,KR:MARKET_IDX,existing_sector_plus_name_index,semantic_mapping_not_constituent_verified
148020,RISE 200,코스피 200,equity,equity,MARKET_IDX,MARKET_IDX,KR,,not_applicable_no_compatible_stock_sector,own_underlying_regime,KR:MARKET_IDX,existing_sector_plus_name_index,semantic_mapping_not_constituent_verified
148070,KIWOOM 국고채10년,KIS 10년 국고채 지수 (총수익),bond_cash,bond_cash,MARKET_IDX,BOND_CASH,KR,,excluded_nonplain_equity,not_researched,KR:BOND_CASH,existing_sector_plus_name_index,semantic_mapping_not_constituent_verified
150460,TIGER 중국소비테마,FnGuide 중국내수테마 지수,equity,equity,ETC,CONSUMER,KR_EXPOSURE_UNVERIFIED,,not_applicable_no_compatible_stock_sector,own_underlying_regime,KR_EXPOSURE_UNVERIFIED:CONSUMER,symbol_override_from_name_index,exposure_verification_pending
152100,PLUS 200,코스피 200,equity,equity,MARKET_IDX,MARKET_IDX,KR,,not_applicable_no_compatible_stock_sector,own_underlying_regime,KR:MARKET_IDX,existing_sector_plus_name_index,semantic_mapping_not_constituent_verified
152380,KODEX 국채선물10년,10년국채선물지수,bond_cash,bond_cash,MARKET_IDX,BOND_CASH,KR,,excluded_nonplain_equity,not_researched,KR:BOND_CASH,existing_sector_plus_name_index,semantic_mapping_not_constituent_verified
152500,ACE 레버리지,코스피 200,leveraged_inverse,leveraged_inverse,MARKET_IDX,MARKET_IDX,KR,,excluded_nonplain_equity,not_researched,KR:MARKET_IDX,existing_sector_plus_name_index,semantic_mapping_not_constituent_verified
152870,파워 200,코스피 200,equity,equity,MARKET_IDX,MARKET_IDX,KR,,not_applicable_no_compatible_stock_sector,own_underlying_regime,KR:MARKET_IDX,existing_sector_plus_name_index,semantic_mapping_not_constituent_verified
153130,KODEX 단기채권,KRW Cash 지수(총수익),bond_cash,bond_cash,MARKET_IDX,BOND_CASH,KR,,excluded_nonplain_equity,not_researched,KR:BOND_CASH,existing_sector_plus_name_index,semantic_mapping_not_constituent_verified
153270,KIWOOM 코스피100,코스피 100,equity,equity,MARKET_IDX,MARKET_IDX,KR,,not_applicable_no_compatible_stock_sector,own_underlying_regime,KR:MARKET_IDX,existing_sector_plus_name_index,semantic_mapping_not_constituent_verified
156080,KODEX MSCI Korea,MSCI Korea Index,equity,equity,MARKET_IDX,MARKET_IDX,KR,,not_applicable_no_compatible_stock_sector,own_underlying_regime,KR:MARKET_IDX,existing_sector_plus_name_index,semantic_mapping_not_constituent_verified
157450,TIGER 단기통안채,KIS MSB 6M(총수익),bond_cash,bond_cash,ETC,BOND_CASH,KR,,excluded_nonplain_equity,not_researched,KR:BOND_CASH,existing_sector_plus_name_index,semantic_mapping_not_constituent_verified
157490,TIGER 소프트웨어,FnGuide 소프트웨어 지수,equity,equity,SOFTWARE,SOFTWARE,KR,SOFTWARE,domestic_stock_sector,domestic_stock_sector,KR:SOFTWARE,existing_sector_plus_name_index,semantic_mapping_not_constituent_verified
157500,TIGER 증권,FnGuide 증권 지수,equity,equity,FINANCE,FINANCE,KR,FINANCE,domestic_stock_sector,domestic_stock_sector,KR:FINANCE,existing_sector_plus_name_index,semantic_mapping_not_constituent_verified
161510,PLUS 고배당주,FnGuide 배당주 지수,equity,equity,MARKET_IDX,MARKET_IDX,KR,,not_applicable_no_compatible_stock_sector,own_underlying_regime,KR:MARKET_IDX,existing_sector_plus_name_index,semantic_mapping_not_constituent_verified
168580,ACE 중국본토CSI300,CSI 300 Index,equity,equity,ETC,MARKET_IDX,CN,,not_applicable_no_compatible_stock_sector,own_underlying_regime,CN:MARKET_IDX,existing_sector_plus_name_index,semantic_mapping_not_constituent_verified
169950,KODEX 차이나A50,FTSE China A50 Index,equity,equity,ETC,MARKET_IDX,CN,,not_applicable_no_compatible_stock_sector,own_underlying_regime,CN:MARKET_IDX,existing_sector_plus_name_index,semantic_mapping_not_constituent_verified
174350,TIGER 로우볼,FnGuide Low Vol 지수,equity,equity,ETC,MARKET_IDX,KR,,not_applicable_no_compatible_stock_sector,own_underlying_regime,KR:MARKET_IDX,existing_sector_plus_name_index,semantic_mapping_not_constituent_verified
174360,RISE 중국본토대형주CSI100,CSI A100,equity,equity,MARKET_IDX,MARKET_IDX,CN,,not_applicable_no_compatible_stock_sector,own_underlying_regime,CN:MARKET_IDX,existing_sector_plus_name_index,semantic_mapping_not_constituent_verified
176950,KODEX 국채선물10년인버스,10년국채선물지수,leveraged_inverse,leveraged_inverse,MARKET_IDX,MARKET_IDX,KR,,excluded_nonplain_equity,not_researched,KR:MARKET_IDX,existing_sector_plus_name_index,semantic_mapping_not_constituent_verified
182480,TIGER 미국MSCI리츠(합성 H),MSCI US REIT Index,reit_infra,reit_infra,MARKET_IDX,REIT,US,,excluded_nonplain_equity,not_researched,US:REIT,existing_sector_plus_name_index,semantic_mapping_not_constituent_verified
182490,TIGER 단기선진하이일드(합성 H),iBoxx USD Liquid High Yield 0-5 year Index,bond_cash,bond_cash,ETC,BOND_CASH,KR,,excluded_nonplain_equity,not_researched,KR:BOND_CASH,existing_sector_plus_name_index,semantic_mapping_not_constituent_verified
183700,RISE 200채권혼합50,코스피 200 KTB 혼합지수,mixed,mixed,MARKET_IDX,MULTI_ASSET,KR,,excluded_nonplain_equity,not_researched,KR:MULTI_ASSET,existing_sector_plus_name_index,semantic_mapping_not_constituent_verified
185680,KODEX 미국S&P바이오(합성),S&P Biotechnology Select Industry Index,equity,equity,BIO,BIO,US,,not_applicable_no_compatible_stock_sector,own_underlying_regime,US:BIO,existing_sector_plus_name_index,semantic_mapping_not_constituent_verified
190620,ACE 단기통안채,KIS MSB 단기지수(총수익),bond_cash,bond_cash,ETC,BOND_CASH,KR,,excluded_nonplain_equity,not_researched,KR:BOND_CASH,existing_sector_plus_name_index,semantic_mapping_not_constituent_verified
192090,TIGER 차이나CSI300,CSI 300 Index,equity,equity,ETC,MARKET_IDX,CN,,not_applicable_no_compatible_stock_sector,own_underlying_regime,CN:MARKET_IDX,existing_sector_plus_name_index,semantic_mapping_not_constituent_verified
195920,TIGER 일본TOPIX(합성 H),TOPIX,equity,equity,ETC,MARKET_IDX,JP,,not_applicable_no_compatible_stock_sector,own_underlying_regime,JP:MARKET_IDX,existing_sector_plus_name_index,semantic_mapping_not_constituent_verified
195930,TIGER 유로스탁스50(합성 H),EURO STOXX 50 Index,equity,equity,ETC,MARKET_IDX,EU,,not_applicable_no_compatible_stock_sector,own_underlying_regime,EU:MARKET_IDX,existing_sector_plus_name_index,semantic_mapping_not_constituent_verified
196030,ACE 일본TOPIX레버리지(H),TOPIX,leveraged_inverse,leveraged_inverse,MARKET_IDX,MARKET_IDX,JP,,excluded_nonplain_equity,not_researched,JP:MARKET_IDX,existing_sector_plus_name_index,semantic_mapping_not_constituent_verified
196230,RISE 단기통안채,KIS 통안채 5개월 지수(총수익),bond_cash,bond_cash,ETC,BOND_CASH,KR,,excluded_nonplain_equity,not_researched,KR:BOND_CASH,existing_sector_plus_name_index,semantic_mapping_not_constituent_verified
200250,KIWOOM 인도Nifty50(합성),Nifty 50 Index,equity,equity,ETC,MARKET_IDX,IN,,not_applicable_no_compatible_stock_sector,own_underlying_regime,IN:MARKET_IDX,existing_sector_plus_name_index,semantic_mapping_not_constituent_verified
203780,TIGER 미국나스닥바이오,NASDAQ Biotechnology 지수(시장가격지수),equity,equity,BIO,BIO,US,,not_applicable_no_compatible_stock_sector,own_underlying_regime,US:BIO,existing_sector_plus_name_index,semantic_mapping_not_constituent_verified
204450,KODEX 차이나H레버리지(H),Hang Seng China H,leveraged_inverse,leveraged_inverse,MARKET_IDX,MARKET_IDX,CN,,excluded_nonplain_equity,not_researched,CN:MARKET_IDX,existing_sector_plus_name_index,semantic_mapping_not_constituent_verified
204480,TIGER 차이나CSI300레버리지(합성),CSI 300 Index,leveraged_inverse,leveraged_inverse,MARKET_IDX,MARKET_IDX,CN,,excluded_nonplain_equity,not_researched,CN:MARKET_IDX,existing_sector_plus_name_index,semantic_mapping_not_constituent_verified
205720,ACE 일본TOPIX인버스(합성 H),TOPIX,leveraged_inverse,leveraged_inverse,MARKET_IDX,MARKET_IDX,JP,,excluded_nonplain_equity,not_researched,JP:MARKET_IDX,existing_sector_plus_name_index,semantic_mapping_not_constituent_verified
210780,TIGER 코스피고배당,코스피 고배당 50,equity,equity,MARKET_IDX,MARKET_IDX,KR,,not_applicable_no_compatible_stock_sector,own_underlying_regime,KR:MARKET_IDX,existing_sector_plus_name_index,semantic_mapping_not_constituent_verified
211560,TIGER 배당성장,코스피 배당성장 50,equity,equity,MARKET_IDX,MARKET_IDX,KR,,not_applicable_no_compatible_stock_sector,own_underlying_regime,KR:MARKET_IDX,existing_sector_plus_name_index,semantic_mapping_not_constituent_verified
211900,KODEX 코리아배당성장,코스피 배당성장 50,equity,equity,MARKET_IDX,MARKET_IDX,KR,,not_applicable_no_compatible_stock_sector,own_underlying_regime,KR:MARKET_IDX,existing_sector_plus_name_index,semantic_mapping_not_constituent_verified
213610,KODEX 삼성그룹밸류,WISE 삼성그룹 밸류 인덱스,equity,equity,ETC,MARKET_IDX,KR,,not_applicable_no_compatible_stock_sector,own_underlying_regime,KR:MARKET_IDX,existing_sector_plus_name_index,semantic_mapping_not_constituent_verified
214980,KODEX 단기채권PLUS,KRW Cash PLUS 지수(총수익),bond_cash,bond_cash,MARKET_IDX,BOND_CASH,KR,,excluded_nonplain_equity,not_researched,KR:BOND_CASH,existing_sector_plus_name_index,semantic_mapping_not_constituent_verified
217770,TIGER 원유선물인버스(H),S&P GSCI Crude Oil Index ER,leveraged_inverse,leveraged_inverse,MARKET_IDX,MARKET_IDX,US,,excluded_nonplain_equity,not_researched,US:MARKET_IDX,existing_sector_plus_name_index,semantic_mapping_not_constituent_verified
217780,TIGER 차이나CSI300인버스(합성),CSI 300 Index,leveraged_inverse,leveraged_inverse,MARKET_IDX,MARKET_IDX,CN,,excluded_nonplain_equity,not_researched,CN:MARKET_IDX,existing_sector_plus_name_index,semantic_mapping_not_constituent_verified
219390,RISE 미국S&P원유생산기업(합성 H),S&P Oil & Gas Exploration & Production Select Industry Index(PR),commodity_fx,equity,MARKET_IDX,ENERGY,US,,not_applicable_no_compatible_stock_sector,own_underlying_regime,US:ENERGY,symbol_override_from_name_index,semantic_mapping_not_constituent_verified
219480,KODEX 미국S&P500선물(H),S&P 500 Futures Total Return Index,equity,equity,MARKET_IDX,MARKET_IDX,US,,not_applicable_no_compatible_stock_sector,own_underlying_regime,US:MARKET_IDX,existing_sector_plus_name_index,semantic_mapping_not_constituent_verified
219900,ACE 중국본토CSI300레버리지(합성),CSI 300 Index,leveraged_inverse,leveraged_inverse,MARKET_IDX,MARKET_IDX,CN,,excluded_nonplain_equity,not_researched,CN:MARKET_IDX,existing_sector_plus_name_index,semantic_mapping_not_constituent_verified
220130,SOL 차이나강소기업CSI500(합성 H),CSI 500 지수,equity,equity,ETC,MARKET_IDX,CN,,not_applicable_no_compatible_stock_sector,own_underlying_regime,CN:MARKET_IDX,existing_sector_plus_name_index,semantic_mapping_not_constituent_verified
223190,KODEX 200가치저변동,코스피 200 가치저변동성,equity,equity,MARKET_IDX,MARKET_IDX,KR,,not_applicable_no_compatible_stock_sector,own_underlying_regime,KR:MARKET_IDX,existing_sector_plus_name_index,semantic_mapping_not_constituent_verified
225030,TIGER 미국S&P500선물인버스(H),S&P 500 Futures Total Return Index,leveraged_inverse,leveraged_inverse,MARKET_IDX,MARKET_IDX,US,,excluded_nonplain_equity,not_researched,US:MARKET_IDX,existing_sector_plus_name_index,semantic_mapping_not_constituent_verified
225040,TIGER 미국S&P500레버리지(합성 H),S&P 500,leveraged_inverse,leveraged_inverse,MARKET_IDX,MARKET_IDX,US,,excluded_nonplain_equity,not_researched,US:MARKET_IDX,existing_sector_plus_name_index,semantic_mapping_not_constituent_verified
225130,ACE 골드선물 레버리지(합성 H),S&P GSCI GOLD Index Excess Return,leveraged_inverse,leveraged_inverse,MARKET_IDX,MARKET_IDX,US,,excluded_nonplain_equity,not_researched,US:MARKET_IDX,existing_sector_plus_name_index,semantic_mapping_not_constituent_verified
225800,KIWOOM 미국달러선물레버리지,미국달러선물지수,leveraged_inverse,leveraged_inverse,MARKET_IDX,MARKET_IDX,US,,excluded_nonplain_equity,not_researched,US:MARKET_IDX,existing_sector_plus_name_index,semantic_mapping_not_constituent_verified
226380,ACE Fn성장소비주도주,FnGuide 성장소비주도 지수,equity,equity,ETC,CONSUMER,KR,CONSUMER,domestic_stock_sector,domestic_stock_sector,KR:CONSUMER,symbol_override_from_name_index,semantic_mapping_not_constituent_verified
226490,KODEX 코스피,코스피,equity,equity,MARKET_IDX,MARKET_IDX,KR,,not_applicable_no_compatible_stock_sector,own_underlying_regime,KR:MARKET_IDX,existing_sector_plus_name_index,semantic_mapping_not_constituent_verified
226980,KODEX 200 중소형,코스피 200 중소형주지수,equity,equity,MARKET_IDX,MARKET_IDX,KR,,not_applicable_no_compatible_stock_sector,own_underlying_regime,KR:MARKET_IDX,existing_sector_plus_name_index,semantic_mapping_not_constituent_verified
227540,TIGER 200 헬스케어,코스피 200 헬스케어,equity,equity,BIO,BIO,KR,BIO,domestic_stock_sector,domestic_stock_sector,KR:BIO,existing_sector_plus_name_index,semantic_mapping_not_constituent_verified
227560,TIGER 200 생활소비재,코스피 200 생활소비재,equity,equity,CONSUMER,CONSUMER,KR,CONSUMER,domestic_stock_sector,domestic_stock_sector,KR:CONSUMER,existing_sector_plus_name_index,semantic_mapping_not_constituent_verified
227570,TIGER 우량가치,FnGuide 퀄리티밸류 지수,equity,equity,ETC,MARKET_IDX,KR,,not_applicable_no_compatible_stock_sector,own_underlying_regime,KR:MARKET_IDX,existing_sector_plus_name_index,semantic_mapping_not_constituent_verified
227830,PLUS 코스피,코스피,equity,equity,MARKET_IDX,MARKET_IDX,KR,,not_applicable_no_compatible_stock_sector,own_underlying_regime,KR:MARKET_IDX,existing_sector_plus_name_index,semantic_mapping_not_constituent_verified
228790,TIGER 화장품,WISE 화장품 지수,equity,equity,HEALTH_SVC,HEALTH_SVC,KR,HEALTH_SVC,domestic_stock_sector,domestic_stock_sector,KR:HEALTH_SVC,existing_sector_plus_name_index,semantic_mapping_not_constituent_verified
228800,TIGER 여행레저,WISE 여행레저 지수,equity,equity,CONSUMER,CONSUMER,KR,CONSUMER,domestic_stock_sector,domestic_stock_sector,KR:CONSUMER,existing_sector_plus_name_index,semantic_mapping_not_constituent_verified
228810,TIGER 미디어컨텐츠,WISE 미디어컨텐츠 지수,equity,equity,TELCO_MEDIA,TELCO_MEDIA,KR,TELCO_MEDIA,domestic_stock_sector,domestic_stock_sector,KR:TELCO_MEDIA,existing_sector_plus_name_index,semantic_mapping_not_constituent_verified
229200,KODEX 코스닥150,코스닥 150,equity,equity,MARKET_IDX,MARKET_IDX,KR,,not_applicable_no_compatible_stock_sector,own_underlying_regime,KR:MARKET_IDX,existing_sector_plus_name_index,semantic_mapping_not_constituent_verified
230480,KIWOOM 미국달러선물인버스2X,미국달러선물지수,leveraged_inverse,leveraged_inverse,MARKET_IDX,MARKET_IDX,US,,excluded_nonplain_equity,not_researched,US:MARKET_IDX,existing_sector_plus_name_index,semantic_mapping_not_constituent_verified
232080,TIGER 코스닥150,코스닥 150,equity,equity,MARKET_IDX,MARKET_IDX,KR,,not_applicable_no_compatible_stock_sector,own_underlying_regime,KR:MARKET_IDX,existing_sector_plus_name_index,semantic_mapping_not_constituent_verified
233160,TIGER 코스닥150 레버리지,코스닥 150,leveraged_inverse,leveraged_inverse,MARKET_IDX,MARKET_IDX,KR,,excluded_nonplain_equity,not_researched,KR:MARKET_IDX,existing_sector_plus_name_index,semantic_mapping_not_constituent_verified
233740,KODEX 코스닥150레버리지,코스닥 150,leveraged_inverse,leveraged_inverse,MARKET_IDX,MARKET_IDX,KR,,excluded_nonplain_equity,not_researched,KR:MARKET_IDX,existing_sector_plus_name_index,semantic_mapping_not_constituent_verified
234310,RISE V&S셀렉트밸류,FnGuide 셀렉트 밸류 지수,equity,equity,ETC,MARKET_IDX,KR,,not_applicable_no_compatible_stock_sector,own_underlying_regime,KR:MARKET_IDX,existing_sector_plus_name_index,semantic_mapping_not_constituent_verified
237350,KODEX 코스피100,코스피 100,equity,equity,MARKET_IDX,MARKET_IDX,KR,,not_applicable_no_compatible_stock_sector,own_underlying_regime,KR:MARKET_IDX,existing_sector_plus_name_index,semantic_mapping_not_constituent_verified
237370,KODEX 코리아배당성장채권혼합,배당성장채권혼합지수,mixed,mixed,MARKET_IDX,MULTI_ASSET,KR,,excluded_nonplain_equity,not_researched,KR:MULTI_ASSET,existing_sector_plus_name_index,semantic_mapping_not_constituent_verified
238720,ACE 일본Nikkei225(H),Nikkei 225,equity,equity,ETC,MARKET_IDX,JP,,not_applicable_no_compatible_stock_sector,own_underlying_regime,JP:MARKET_IDX,existing_sector_plus_name_index,semantic_mapping_not_constituent_verified
239660,PLUS 우량회사채50,KOBI HALF CREDIT Index(총수익),bond_cash,bond_cash,MARKET_IDX,BOND_CASH,KR,,excluded_nonplain_equity,not_researched,KR:BOND_CASH,existing_sector_plus_name_index,semantic_mapping_not_constituent_verified
243880,TIGER 200IT레버리지,코스피 200 정보기술,leveraged_inverse,leveraged_inverse,MARKET_IDX,IT_HW,KR,IT_HW,excluded_nonplain_equity,not_researched,KR:IT_HW,symbol_override_from_name_index,semantic_mapping_not_constituent_verified
243890,TIGER 200에너지화학레버리지,코스피 200 에너지/화학,leveraged_inverse,leveraged_inverse,CHEM_STEEL,CHEM_STEEL,KR,CHEM_STEEL,excluded_nonplain_equity,not_researched,KR:CHEM_STEEL,existing_sector_plus_name_index,semantic_mapping_not_constituent_verified
244580,KODEX 바이오,FnGuide 바이오 지수,equity,equity,BIO,BIO,KR,BIO,domestic_stock_sector,domestic_stock_sector,KR:BIO,existing_sector_plus_name_index,semantic_mapping_not_constituent_verified
245360,TIGER 차이나HSCEI,Hang Seng China H,equity,equity,ETC,MARKET_IDX,CN,,not_applicable_no_compatible_stock_sector,own_underlying_regime,CN:MARKET_IDX,existing_sector_plus_name_index,semantic_mapping_not_constituent_verified
245710,ACE 베트남VN30(합성),VN30 Index(PR),equity,equity,ETC,MARKET_IDX,VN,,not_applicable_no_compatible_stock_sector,own_underlying_regime,VN:MARKET_IDX,existing_sector_plus_name_index,semantic_mapping_not_constituent_verified
248270,TIGER S&P글로벌헬스케어(합성),S&P Global 1200 Health Care Index,equity,equity,BIO,BIO,GLOBAL,,not_applicable_no_compatible_stock_sector,own_underlying_regime,GLOBAL:BIO,existing_sector_plus_name_index,semantic_mapping_not_constituent_verified
250780,TIGER 코스닥150선물인버스,F-코스닥150 지수,leveraged_inverse,leveraged_inverse,MARKET_IDX,MARKET_IDX,KR,,excluded_nonplain_equity,not_researched,KR:MARKET_IDX,existing_sector_plus_name_index,semantic_mapping_not_constituent_verified
251340,KODEX 코스닥150선물인버스,F-코스닥150 지수,leveraged_inverse,leveraged_inverse,MARKET_IDX,MARKET_IDX,KR,,excluded_nonplain_equity,not_researched,KR:MARKET_IDX,existing_sector_plus_name_index,semantic_mapping_not_constituent_verified
251350,KODEX MSCI선진국,MSCI World,equity,equity,MARKET_IDX,MARKET_IDX,GLOBAL,,not_applicable_no_compatible_stock_sector,own_underlying_regime,GLOBAL:MARKET_IDX,existing_sector_plus_name_index,semantic_mapping_not_constituent_verified
252000,TIGER 200동일가중,코스피 200 동일가중지수,equity,equity,MARKET_IDX,MARKET_IDX,KR,,not_applicable_no_compatible_stock_sector,own_underlying_regime,KR:MARKET_IDX,existing_sector_plus_name_index,semantic_mapping_not_constituent_verified
252400,RISE 200선물레버리지,코스피 200 선물지수,leveraged_inverse,leveraged_inverse,MARKET_IDX,MARKET_IDX,KR,,excluded_nonplain_equity,not_researched,KR:MARKET_IDX,existing_sector_plus_name_index,semantic_mapping_not_constituent_verified
252410,RISE 200선물인버스,코스피 200 선물지수,leveraged_inverse,leveraged_inverse,MARKET_IDX,MARKET_IDX,KR,,excluded_nonplain_equity,not_researched,KR:MARKET_IDX,existing_sector_plus_name_index,semantic_mapping_not_constituent_verified
252420,RISE 200선물인버스2X,코스피 200 선물지수,leveraged_inverse,leveraged_inverse,MARKET_IDX,MARKET_IDX,KR,,excluded_nonplain_equity,not_researched,KR:MARKET_IDX,existing_sector_plus_name_index,semantic_mapping_not_constituent_verified
252670,KODEX 200선물인버스2X,코스피 200 선물지수,leveraged_inverse,leveraged_inverse,MARKET_IDX,MARKET_IDX,KR,,excluded_nonplain_equity,not_researched,KR:MARKET_IDX,existing_sector_plus_name_index,semantic_mapping_not_constituent_verified
252710,TIGER 200선물인버스2X,코스피 200 선물지수,leveraged_inverse,leveraged_inverse,MARKET_IDX,MARKET_IDX,KR,,excluded_nonplain_equity,not_researched,KR:MARKET_IDX,existing_sector_plus_name_index,semantic_mapping_not_constituent_verified
253160,PLUS 200선물인버스2X,코스피 200 선물지수,leveraged_inverse,leveraged_inverse,MARKET_IDX,MARKET_IDX,KR,,excluded_nonplain_equity,not_researched,KR:MARKET_IDX,existing_sector_plus_name_index,semantic_mapping_not_constituent_verified
253230,KIWOOM 200선물인버스2X,코스피 200 선물지수,leveraged_inverse,leveraged_inverse,MARKET_IDX,MARKET_IDX,KR,,excluded_nonplain_equity,not_researched,KR:MARKET_IDX,existing_sector_plus_name_index,semantic_mapping_not_constituent_verified
253250,KIWOOM 200선물레버리지,코스피 200 선물지수,leveraged_inverse,leveraged_inverse,MARKET_IDX,MARKET_IDX,KR,,excluded_nonplain_equity,not_researched,KR:MARKET_IDX,existing_sector_plus_name_index,semantic_mapping_not_constituent_verified
253280,RISE 헬스케어,FnGuide 헬스케어 지수,equity,equity,BIO,BIO,KR,BIO,domestic_stock_sector,domestic_stock_sector,KR:BIO,existing_sector_plus_name_index,semantic_mapping_not_constituent_verified
256440,ACE MSCI인도네시아(합성),MSCI Indonesia Index,equity,equity,MARKET_IDX,MARKET_IDX,ID,,not_applicable_no_compatible_stock_sector,own_underlying_regime,ID:MARKET_IDX,existing_sector_plus_name_index,semantic_mapping_not_constituent_verified
256750,KODEX 차이나심천ChiNext(합성),SZSE ChiNext Price Index,equity,equity,ETC,MARKET_IDX,CN,,not_applicable_no_compatible_stock_sector,own_underlying_regime,CN:MARKET_IDX,existing_sector_plus_name_index,semantic_mapping_not_constituent_verified
261060,TIGER 코스닥150IT,코스닥 150 정보기술,equity,equity,MARKET_IDX,IT_HW,KR,IT_HW,domestic_stock_sector,domestic_stock_sector,KR:IT_HW,symbol_override_from_name_index,semantic_mapping_not_constituent_verified
261070,TIGER 코스닥150바이오테크,코스닥 150 헬스케어,equity,equity,BIO,BIO,KR,BIO,domestic_stock_sector,domestic_stock_sector,KR:BIO,existing_sector_plus_name_index,semantic_mapping_not_constituent_verified
261110,TIGER 미국달러선물레버리지,미국달러선물지수,leveraged_inverse,leveraged_inverse,MARKET_IDX,MARKET_IDX,US,,excluded_nonplain_equity,not_researched,US:MARKET_IDX,existing_sector_plus_name_index,semantic_mapping_not_constituent_verified
261120,TIGER 미국달러선물인버스2X,미국달러선물지수,leveraged_inverse,leveraged_inverse,MARKET_IDX,MARKET_IDX,US,,excluded_nonplain_equity,not_researched,US:MARKET_IDX,existing_sector_plus_name_index,semantic_mapping_not_constituent_verified
261140,TIGER 우선주,코스피 우선주 지수,equity,equity,ETC,MARKET_IDX,KR,,not_applicable_no_compatible_stock_sector,own_underlying_regime,KR:MARKET_IDX,existing_sector_plus_name_index,semantic_mapping_not_constituent_verified
261220,KODEX WTI원유선물(H),S&P GSCI Crude Oil Index ER,commodity_fx,commodity_fx,MARKET_IDX,COMMODITY_FX,US,,excluded_nonplain_equity,not_researched,US:COMMODITY_FX,existing_sector_plus_name_index,semantic_mapping_not_constituent_verified
261240,KODEX 미국달러선물,미국달러선물지수,commodity_fx,commodity_fx,MARKET_IDX,COMMODITY_FX,US,,excluded_nonplain_equity,not_researched,US:COMMODITY_FX,existing_sector_plus_name_index,semantic_mapping_not_constituent_verified
261250,KODEX 미국달러선물레버리지,미국달러선물지수,leveraged_inverse,leveraged_inverse,MARKET_IDX,MARKET_IDX,US,,excluded_nonplain_equity,not_researched,US:MARKET_IDX,existing_sector_plus_name_index,semantic_mapping_not_constituent_verified
261260,KODEX 미국달러선물인버스2X,미국달러선물지수,leveraged_inverse,leveraged_inverse,MARKET_IDX,MARKET_IDX,US,,excluded_nonplain_equity,not_researched,US:MARKET_IDX,existing_sector_plus_name_index,semantic_mapping_not_constituent_verified
261270,KODEX 미국달러선물인버스,미국달러선물지수,leveraged_inverse,leveraged_inverse,MARKET_IDX,MARKET_IDX,US,,excluded_nonplain_equity,not_researched,US:MARKET_IDX,existing_sector_plus_name_index,semantic_mapping_not_constituent_verified
266160,RISE 고배당,FnGuide 고배당포커스 지수,equity,equity,MARKET_IDX,MARKET_IDX,KR,,not_applicable_no_compatible_stock_sector,own_underlying_regime,KR:MARKET_IDX,existing_sector_plus_name_index,semantic_mapping_not_constituent_verified
266360,KODEX K콘텐츠,KRX K콘텐츠,equity,equity,TELCO_MEDIA,TELCO_MEDIA,KR,TELCO_MEDIA,domestic_stock_sector,domestic_stock_sector,KR:TELCO_MEDIA,existing_sector_plus_name_index,semantic_mapping_not_constituent_verified
266370,KODEX IT,KRX 정보기술,equity,equity,IT_HW,IT_HW,KR,IT_HW,domestic_stock_sector,domestic_stock_sector,KR:IT_HW,existing_sector_plus_name_index,semantic_mapping_not_constituent_verified
266390,KODEX 경기소비재,KRX 경기소비재,equity,equity,CONSUMER,CONSUMER,KR,CONSUMER,domestic_stock_sector,domestic_stock_sector,KR:CONSUMER,existing_sector_plus_name_index,semantic_mapping_not_constituent_verified
266410,KODEX 필수소비재,KRX 필수소비재,equity,equity,CONSUMER,CONSUMER,KR,CONSUMER,domestic_stock_sector,domestic_stock_sector,KR:CONSUMER,existing_sector_plus_name_index,semantic_mapping_not_constituent_verified
267440,RISE 미국장기국채선물(H),S&P U.S. Treasury Bond Futures Excess Return Index,bond_cash,bond_cash,MARKET_IDX,BOND_CASH,US,,excluded_nonplain_equity,not_researched,US:BOND_CASH,existing_sector_plus_name_index,semantic_mapping_not_constituent_verified
267450,RISE 미국장기국채선물인버스(H),S&P U.S. Treasury Bond Futures Excess Return Index,leveraged_inverse,leveraged_inverse,MARKET_IDX,MARKET_IDX,US,,excluded_nonplain_equity,not_researched,US:MARKET_IDX,existing_sector_plus_name_index,semantic_mapping_not_constituent_verified
267770,TIGER 200선물레버리지,코스피 200 선물지수,leveraged_inverse,leveraged_inverse,MARKET_IDX,MARKET_IDX,KR,,excluded_nonplain_equity,not_researched,KR:MARKET_IDX,existing_sector_plus_name_index,semantic_mapping_not_constituent_verified
269420,KODEX S&P글로벌인프라(합성),S&P Global Infrastructure Index,reit_infra,equity,CONSTRUCT,INFRA_EQUITY,GLOBAL,,not_applicable_no_compatible_stock_sector,own_underlying_regime,GLOBAL:INFRA_EQUITY,symbol_override_from_name_index,semantic_mapping_not_constituent_verified
270800,RISE KQ고배당,FnGuide KQ고배당포커스 지수,equity,equity,MARKET_IDX,MARKET_IDX,KR,,not_applicable_no_compatible_stock_sector,own_underlying_regime,KR:MARKET_IDX,existing_sector_plus_name_index,semantic_mapping_not_constituent_verified
270810,RISE 코스닥150,코스닥 150,equity,equity,MARKET_IDX,MARKET_IDX,KR,,not_applicable_no_compatible_stock_sector,own_underlying_regime,KR:MARKET_IDX,existing_sector_plus_name_index,semantic_mapping_not_constituent_verified
271050,KODEX WTI원유선물인버스(H),S&P GSCI Crude Oil Index ER,leveraged_inverse,leveraged_inverse,MARKET_IDX,MARKET_IDX,US,,excluded_nonplain_equity,not_researched,US:MARKET_IDX,existing_sector_plus_name_index,semantic_mapping_not_constituent_verified
271060,KODEX 3대농산물선물(H),S&P GSCI Grains Select Index ER,commodity_fx,commodity_fx,MARKET_IDX,COMMODITY_FX,US,,excluded_nonplain_equity,not_researched,US:COMMODITY_FX,existing_sector_plus_name_index,semantic_mapping_not_constituent_verified
272560,RISE 단기국공채액티브,KIS 종합채권국공채3M~1.5Y지수,bond_cash,bond_cash,ETC,BOND_CASH,KR,,excluded_nonplain_equity,not_researched,KR:BOND_CASH,existing_sector_plus_name_index,semantic_mapping_not_constituent_verified
272570,RISE 중장기국공채액티브,KIS 종합채권국공채4~5Y지수,bond_cash,bond_cash,ETC,BOND_CASH,KR,,excluded_nonplain_equity,not_researched,KR:BOND_CASH,existing_sector_plus_name_index,semantic_mapping_not_constituent_verified
272580,TIGER 단기채권액티브,KIS MSB 6M PLUS 지수,bond_cash,bond_cash,MARKET_IDX,BOND_CASH,KR,,excluded_nonplain_equity,not_researched,KR:BOND_CASH,existing_sector_plus_name_index,semantic_mapping_not_constituent_verified
273130,KODEX 종합채권(AA-이상)액티브,KAP 한국종합채권지수,bond_cash,bond_cash,MARKET_IDX,BOND_CASH,KR,,excluded_nonplain_equity,not_researched,KR:BOND_CASH,existing_sector_plus_name_index,semantic_mapping_not_constituent_verified
273140,KODEX 단기변동금리부채권액티브,KAP 단기변동금리부은행채권지수,bond_cash,bond_cash,MARKET_IDX,BOND_CASH,KR,,excluded_nonplain_equity,not_researched,KR:BOND_CASH,existing_sector_plus_name_index,semantic_mapping_not_constituent_verified
275750,RISE 코스닥150선물인버스,F-코스닥150 지수,leveraged_inverse,leveraged_inverse,MARKET_IDX,MARKET_IDX,KR,,excluded_nonplain_equity,not_researched,KR:MARKET_IDX,existing_sector_plus_name_index,semantic_mapping_not_constituent_verified
275980,TIGER 글로벌4차산업혁신기술(합성 H),Morningstar Exponential Technologies Equal Weighted Select PR USD,equity,equity,ETC,MULTI_TECH,GLOBAL,,not_applicable_no_compatible_stock_sector,own_underlying_regime,GLOBAL:MULTI_TECH,symbol_override_from_name_index,semantic_mapping_not_constituent_verified
276650,RISE 글로벌테크놀로지(합성 H),S&P Global 1200 Information Technology and Interactive Media & Services(PR),equity,equity,ETC,MULTI_TECH,GLOBAL,,not_applicable_no_compatible_stock_sector,own_underlying_regime,GLOBAL:MULTI_TECH,symbol_override_from_name_index,semantic_mapping_not_constituent_verified
276990,KODEX 글로벌로봇(합성),ROBO Global Robotics & Automation UCITS Price Return Index,equity,equity,SHIP_DEF,SHIP_DEF,GLOBAL,,not_applicable_no_compatible_stock_sector,own_underlying_regime,GLOBAL:SHIP_DEF,existing_sector_plus_name_index,semantic_mapping_not_constituent_verified
277540,ACE 아시아TOP50,S&P ASIA50 Price Return Index,equity,equity,ETC,MARKET_IDX,US,,not_applicable_no_compatible_stock_sector,own_underlying_regime,US:MARKET_IDX,existing_sector_plus_name_index,semantic_mapping_not_constituent_verified
277630,TIGER 코스피,코스피,equity,equity,MARKET_IDX,MARKET_IDX,KR,,not_applicable_no_compatible_stock_sector,own_underlying_regime,KR:MARKET_IDX,existing_sector_plus_name_index,semantic_mapping_not_constituent_verified
277640,TIGER 코스피대형주,코스피 대형주,equity,equity,MARKET_IDX,MARKET_IDX,KR,,not_applicable_no_compatible_stock_sector,own_underlying_regime,KR:MARKET_IDX,existing_sector_plus_name_index,semantic_mapping_not_constituent_verified
277650,TIGER 코스피중형주,코스피 중형주,equity,equity,MARKET_IDX,MARKET_IDX,KR,,not_applicable_no_compatible_stock_sector,own_underlying_regime,KR:MARKET_IDX,existing_sector_plus_name_index,semantic_mapping_not_constituent_verified
278240,RISE 코스닥150선물레버리지,F-코스닥150 지수,leveraged_inverse,leveraged_inverse,MARKET_IDX,MARKET_IDX,KR,,excluded_nonplain_equity,not_researched,KR:MARKET_IDX,existing_sector_plus_name_index,semantic_mapping_not_constituent_verified
278530,KODEX 200TR,코스피 200 TR,equity,equity,MARKET_IDX,MARKET_IDX,KR,,not_applicable_no_compatible_stock_sector,own_underlying_regime,KR:MARKET_IDX,existing_sector_plus_name_index,semantic_mapping_not_constituent_verified
278540,KODEX MSCI Korea TR,MSCI Korea TR Index,equity,equity,MARKET_IDX,MARKET_IDX,KR,,not_applicable_no_compatible_stock_sector,own_underlying_regime,KR:MARKET_IDX,existing_sector_plus_name_index,semantic_mapping_not_constituent_verified
279530,KODEX 고배당주,FnGuide 고배당 Plus 지수,equity,equity,MARKET_IDX,MARKET_IDX,KR,,not_applicable_no_compatible_stock_sector,own_underlying_regime,KR:MARKET_IDX,existing_sector_plus_name_index,semantic_mapping_not_constituent_verified
280320,ACE 미국IT인터넷(합성 H),다우존스 인터넷 종합지수,equity,equity,SOFTWARE,SOFTWARE,US,,not_applicable_no_compatible_stock_sector,own_underlying_regime,US:SOFTWARE,existing_sector_plus_name_index,semantic_mapping_not_constituent_verified
282000,RISE 국고채3년선물인버스,국채선물지수,leveraged_inverse,leveraged_inverse,MARKET_IDX,MARKET_IDX,KR,,excluded_nonplain_equity,not_researched,KR:MARKET_IDX,existing_sector_plus_name_index,semantic_mapping_not_constituent_verified
283580,KODEX 차이나CSI300,CSI 300 Index,equity,equity,ETC,MARKET_IDX,CN,,not_applicable_no_compatible_stock_sector,own_underlying_regime,CN:MARKET_IDX,existing_sector_plus_name_index,semantic_mapping_not_constituent_verified
284430,KODEX 200미국채혼합50,코스피 200 미국채 혼합지수,mixed,mixed,MARKET_IDX,MULTI_ASSET,US,,excluded_nonplain_equity,not_researched,US:MULTI_ASSET,existing_sector_plus_name_index,semantic_mapping_not_constituent_verified
289480,TIGER 200커버드콜,코스피 200 커버드콜 ATM 지수,option_overlay,option_overlay,MARKET_IDX,MARKET_IDX,KR,,excluded_nonplain_equity,not_researched,KR:MARKET_IDX,existing_sector_plus_name_index,semantic_mapping_not_constituent_verified
290130,RISE ESG사회책임투자,KRX ESG 사회책임경영지수(S),equity,equity,ETC,MARKET_IDX,KR,,not_applicable_no_compatible_stock_sector,own_underlying_regime,KR:MARKET_IDX,existing_sector_plus_name_index,semantic_mapping_not_constituent_verified
291620,KIWOOM 코스닥150선물인버스,F-코스닥150 지수,leveraged_inverse,leveraged_inverse,MARKET_IDX,MARKET_IDX,KR,,excluded_nonplain_equity,not_researched,KR:MARKET_IDX,existing_sector_plus_name_index,semantic_mapping_not_constituent_verified
291630,KIWOOM 코스닥150선물레버리지,F-코스닥150 지수,leveraged_inverse,leveraged_inverse,MARKET_IDX,MARKET_IDX,KR,,excluded_nonplain_equity,not_researched,KR:MARKET_IDX,existing_sector_plus_name_index,semantic_mapping_not_constituent_verified
291890,KODEX MSCI EM선물(H),iEdge Emerging Markets Futures Index(ER),equity,equity,MARKET_IDX,MARKET_IDX,GLOBAL,,not_applicable_no_compatible_stock_sector,own_underlying_regime,GLOBAL:MARKET_IDX,existing_sector_plus_name_index,semantic_mapping_not_constituent_verified
292050,RISE KRX300,KRX 300,equity,equity,MARKET_IDX,MARKET_IDX,KR,,not_applicable_no_compatible_stock_sector,own_underlying_regime,KR:MARKET_IDX,existing_sector_plus_name_index,semantic_mapping_not_constituent_verified
292150,TIGER 코리아TOP10,FnGuide TOP10 지수,equity,equity,MARKET_IDX,MARKET_IDX,KR,,not_applicable_no_compatible_stock_sector,own_underlying_regime,KR:MARKET_IDX,existing_sector_plus_name_index,semantic_mapping_not_constituent_verified
292160,TIGER KRX300,KRX 300,equity,equity,MARKET_IDX,MARKET_IDX,KR,,not_applicable_no_compatible_stock_sector,own_underlying_regime,KR:MARKET_IDX,existing_sector_plus_name_index,semantic_mapping_not_constituent_verified
292190,KODEX KRX300,KRX 300,equity,equity,MARKET_IDX,MARKET_IDX,KR,,not_applicable_no_compatible_stock_sector,own_underlying_regime,KR:MARKET_IDX,existing_sector_plus_name_index,semantic_mapping_not_constituent_verified
292560,TIGER 일본엔선물,엔선물지수,commodity_fx,commodity_fx,MARKET_IDX,COMMODITY_FX,JP,,excluded_nonplain_equity,not_researched,JP:COMMODITY_FX,existing_sector_plus_name_index,semantic_mapping_not_constituent_verified
292770,KODEX 국채선물3년인버스,국채선물지수,leveraged_inverse,leveraged_inverse,MARKET_IDX,MARKET_IDX,KR,,excluded_nonplain_equity,not_researched,KR:MARKET_IDX,existing_sector_plus_name_index,semantic_mapping_not_constituent_verified
293180,HANARO 200,코스피 200,equity,equity,MARKET_IDX,MARKET_IDX,KR,,not_applicable_no_compatible_stock_sector,own_underlying_regime,KR:MARKET_IDX,existing_sector_plus_name_index,semantic_mapping_not_constituent_verified
294400,KIWOOM 200TR,코스피 200 TR,equity,equity,MARKET_IDX,MARKET_IDX,KR,,not_applicable_no_compatible_stock_sector,own_underlying_regime,KR:MARKET_IDX,existing_sector_plus_name_index,semantic_mapping_not_constituent_verified
295040,SOL 200TR,코스피 200 TR,equity,equity,ETC,MARKET_IDX,KR,,not_applicable_no_compatible_stock_sector,own_underlying_regime,KR:MARKET_IDX,existing_sector_plus_name_index,semantic_mapping_not_constituent_verified
298770,KODEX 한국대만IT프리미어,한국 대만 IT 프리미어지수,equity,equity,ETC,MULTI_TECH,KR_TW,,not_applicable_no_compatible_stock_sector,own_underlying_regime,KR_TW:MULTI_TECH,symbol_override_from_name_index,semantic_mapping_not_constituent_verified
300640,RISE 게임테마,WISE 게임 테마 지수 (시장가격지수),equity,equity,TELCO_MEDIA,TELCO_MEDIA,KR,TELCO_MEDIA,domestic_stock_sector,domestic_stock_sector,KR:TELCO_MEDIA,existing_sector_plus_name_index,semantic_mapping_not_constituent_verified
300950,KODEX 게임산업,FnGuide 게임 산업 지수,equity,equity,TELCO_MEDIA,TELCO_MEDIA,KR,TELCO_MEDIA,domestic_stock_sector,domestic_stock_sector,KR:TELCO_MEDIA,existing_sector_plus_name_index,semantic_mapping_not_constituent_verified
302190,TIGER 중장기국채,KIS 국채 3-10년 지수(시장가격지수),bond_cash,bond_cash,MARKET_IDX,BOND_CASH,KR,,excluded_nonplain_equity,not_researched,KR:BOND_CASH,existing_sector_plus_name_index,semantic_mapping_not_constituent_verified
302450,RISE 코스피,코스피,equity,equity,MARKET_IDX,MARKET_IDX,KR,,not_applicable_no_compatible_stock_sector,own_underlying_regime,KR:MARKET_IDX,existing_sector_plus_name_index,semantic_mapping_not_constituent_verified
304660,KODEX 미국30년국채울트라선물(H),S&P Ultra T-Bond Futures Index(ER),bond_cash,bond_cash,MARKET_IDX,BOND_CASH,US,,excluded_nonplain_equity,not_researched,US:BOND_CASH,existing_sector_plus_name_index,semantic_mapping_not_constituent_verified
304780,HANARO 200선물레버리지,코스피 200 선물지수,leveraged_inverse,leveraged_inverse,MARKET_IDX,MARKET_IDX,KR,,excluded_nonplain_equity,not_researched,KR:MARKET_IDX,existing_sector_plus_name_index,semantic_mapping_not_constituent_verified
304940,KODEX 미국나스닥100선물(H),NASDAQ 100,equity,equity,MARKET_IDX,MARKET_IDX,US,,not_applicable_no_compatible_stock_sector,own_underlying_regime,US:MARKET_IDX,existing_sector_plus_name_index,semantic_mapping_not_constituent_verified
305540,TIGER 2차전지테마,WISE 2차전지 테마 지수,equity,equity,BATTERY,BATTERY,KR,BATTERY,domestic_stock_sector,domestic_stock_sector,KR:BATTERY,existing_sector_plus_name_index,semantic_mapping_not_constituent_verified
305720,KODEX 2차전지산업,FnGuide 2차전지 산업 지수,equity,equity,BATTERY,BATTERY,KR,BATTERY,domestic_stock_sector,domestic_stock_sector,KR:BATTERY,existing_sector_plus_name_index,semantic_mapping_not_constituent_verified
306520,HANARO 200선물인버스,코스피 200 선물지수,leveraged_inverse,leveraged_inverse,MARKET_IDX,MARKET_IDX,KR,,excluded_nonplain_equity,not_researched,KR:MARKET_IDX,existing_sector_plus_name_index,semantic_mapping_not_constituent_verified
306950,KODEX KRX300레버리지,KRX 300,leveraged_inverse,leveraged_inverse,MARKET_IDX,MARKET_IDX,KR,,excluded_nonplain_equity,not_researched,KR:MARKET_IDX,existing_sector_plus_name_index,semantic_mapping_not_constituent_verified
307510,TIGER 의료기기,FnGuide 의료기기 지수,equity,equity,HEALTH_SVC,HEALTH_SVC,KR,HEALTH_SVC,domestic_stock_sector,domestic_stock_sector,KR:HEALTH_SVC,existing_sector_plus_name_index,semantic_mapping_not_constituent_verified
309230,ACE 미국WideMoat동일가중,MorningStar Wide Moat Focus Index,equity,equity,ETC,MARKET_IDX,US,,not_applicable_no_compatible_stock_sector,own_underlying_regime,US:MARKET_IDX,existing_sector_plus_name_index,semantic_mapping_not_constituent_verified
310960,TIGER 200TR,코스피 200 TR,equity,equity,ETC,MARKET_IDX,KR,,not_applicable_no_compatible_stock_sector,own_underlying_regime,KR:MARKET_IDX,existing_sector_plus_name_index,semantic_mapping_not_constituent_verified
310970,TIGER MSCI Korea TR,MSCI Korea TR Index,equity,equity,MARKET_IDX,MARKET_IDX,KR,,not_applicable_no_compatible_stock_sector,own_underlying_regime,KR:MARKET_IDX,existing_sector_plus_name_index,semantic_mapping_not_constituent_verified
314250,KODEX 미국빅테크10(H),NYSE U.S. Big TECH 10 INDEX,equity,equity,ETC,MULTI_TECH,US,,not_applicable_no_compatible_stock_sector,own_underlying_regime,US:MULTI_TECH,symbol_override_from_name_index,semantic_mapping_not_constituent_verified
315930,KODEX Top5PlusTR,FnGuide TOP 5 Plus Total Return 지수,equity,equity,MARKET_IDX,MARKET_IDX,KR,,not_applicable_no_compatible_stock_sector,own_underlying_regime,KR:MARKET_IDX,existing_sector_plus_name_index,semantic_mapping_not_constituent_verified
315960,RISE 대형고배당10TR,WISE 대형고배당10 TR 지수,equity,equity,MARKET_IDX,MARKET_IDX,KR,,not_applicable_no_compatible_stock_sector,own_underlying_regime,KR:MARKET_IDX,existing_sector_plus_name_index,semantic_mapping_not_constituent_verified
322400,HANARO e커머스,FnGuide E커머스 지수,equity,equity,ETC,SOFTWARE,KR,SOFTWARE,domestic_stock_sector,domestic_stock_sector,KR:SOFTWARE,symbol_override_from_name_index,semantic_mapping_not_constituent_verified
325010,KODEX 성장주,FnGuide 성장 지수(PR),equity,equity,ETC,MARKET_IDX,KR,,not_applicable_no_compatible_stock_sector,own_underlying_regime,KR:MARKET_IDX,existing_sector_plus_name_index,semantic_mapping_not_constituent_verified
325020,KODEX 배당가치,FnGuide SLV 배당가치 지수,equity,equity,MARKET_IDX,MARKET_IDX,KR,,not_applicable_no_compatible_stock_sector,own_underlying_regime,KR:MARKET_IDX,existing_sector_plus_name_index,semantic_mapping_not_constituent_verified
326240,RISE IT플러스,FnGuide IT플러스 지수,equity,equity,IT_HW,IT_HW,KR,IT_HW,domestic_stock_sector,domestic_stock_sector,KR:IT_HW,existing_sector_plus_name_index,semantic_mapping_not_constituent_verified
328370,PLUS 코스피TR,코스피 TR,equity,equity,MARKET_IDX,MARKET_IDX,KR,,not_applicable_no_compatible_stock_sector,own_underlying_regime,KR:MARKET_IDX,existing_sector_plus_name_index,semantic_mapping_not_constituent_verified
329200,TIGER 리츠부동산인프라,FnGuide 리츠부동산인프라,reit_infra,reit_infra,MARKET_IDX,REIT,KR,,excluded_nonplain_equity,not_researched,KR:REIT,existing_sector_plus_name_index,semantic_mapping_not_constituent_verified
329750,TIGER 미국달러단기채권액티브,KIS U.S. TREASURY BOND 0-1Y 지수(총수익),bond_cash,bond_cash,MARKET_IDX,BOND_CASH,US,,excluded_nonplain_equity,not_researched,US:BOND_CASH,existing_sector_plus_name_index,semantic_mapping_not_constituent_verified
332500,ACE 200TR,코스피 200 TR,equity,equity,ETC,MARKET_IDX,KR,,not_applicable_no_compatible_stock_sector,own_underlying_regime,KR:MARKET_IDX,existing_sector_plus_name_index,semantic_mapping_not_constituent_verified
334690,RISE 팔라듐선물(H),S&P GSCI Palladium Excess Return Index,commodity_fx,commodity_fx,MARKET_IDX,COMMODITY_FX,US,,excluded_nonplain_equity,not_researched,US:COMMODITY_FX,existing_sector_plus_name_index,semantic_mapping_not_constituent_verified
357870,TIGER CD금리투자KIS(합성),KIS CD Index(총수익),bond_cash,bond_cash,MARKET_IDX,BOND_CASH,KR,,excluded_nonplain_equity,not_researched,KR:BOND_CASH,existing_sector_plus_name_index,semantic_mapping_not_constituent_verified
360200,ACE 미국S&P500,S&P 500,equity,equity,MARKET_IDX,MARKET_IDX,US,,not_applicable_no_compatible_stock_sector,own_underlying_regime,US:MARKET_IDX,existing_sector_plus_name_index,semantic_mapping_not_constituent_verified
360750,TIGER 미국S&P500,S&P 500,equity,equity,MARKET_IDX,MARKET_IDX,US,,not_applicable_no_compatible_stock_sector,own_underlying_regime,US:MARKET_IDX,existing_sector_plus_name_index,semantic_mapping_not_constituent_verified
363580,KODEX 200IT TR,코스피200 정보기술 TR,equity,equity,IT_HW,IT_HW,KR,IT_HW,domestic_stock_sector,domestic_stock_sector,KR:IT_HW,existing_sector_plus_name_index,semantic_mapping_not_constituent_verified
364960,TIGER BBIG,KRX BBIG 지수,equity,equity,ETC,MULTI_SECTOR,KR,,not_applicable_no_compatible_stock_sector,own_underlying_regime,KR:MULTI_SECTOR,symbol_override_from_name_index,semantic_mapping_not_constituent_verified
364970,TIGER 바이오TOP10,KRX 바이오 TOP 10 지수,equity,equity,BIO,BIO,KR,BIO,domestic_stock_sector,domestic_stock_sector,KR:BIO,existing_sector_plus_name_index,semantic_mapping_not_constituent_verified
364980,TIGER 2차전지TOP10,KRX 2차전지 TOP 10 지수,equity,equity,BATTERY,BATTERY,KR,BATTERY,domestic_stock_sector,domestic_stock_sector,KR:BATTERY,existing_sector_plus_name_index,semantic_mapping_not_constituent_verified
364990,TIGER 게임TOP10,KRX 게임 TOP 10 지수,equity,equity,TELCO_MEDIA,TELCO_MEDIA,KR,TELCO_MEDIA,domestic_stock_sector,domestic_stock_sector,KR:TELCO_MEDIA,existing_sector_plus_name_index,semantic_mapping_not_constituent_verified
365000,TIGER 인터넷TOP10,KRX 인터넷 TOP 10 지수,equity,equity,SOFTWARE,SOFTWARE,KR,SOFTWARE,domestic_stock_sector,domestic_stock_sector,KR:SOFTWARE,existing_sector_plus_name_index,semantic_mapping_not_constituent_verified
367380,ACE 미국나스닥100,NASDAQ 100,equity,equity,MARKET_IDX,MARKET_IDX,US,,not_applicable_no_compatible_stock_sector,own_underlying_regime,US:MARKET_IDX,existing_sector_plus_name_index,semantic_mapping_not_constituent_verified
367760,RISE 네트워크인프라,FnGuide 네트워크 인프라 지수,reit_infra,equity,CONSTRUCT,IT_HW,KR,IT_HW,domestic_stock_sector,domestic_stock_sector,KR:IT_HW,symbol_override_from_name_index,semantic_mapping_not_constituent_verified
367770,RISE 수소경제테마,FnGuide 수소 경제 테마 지수,equity,equity,ENERGY,ENERGY,KR,ENERGY,domestic_stock_sector,domestic_stock_sector,KR:ENERGY,existing_sector_plus_name_index,semantic_mapping_not_constituent_verified
368190,HANARO Fn K-뉴딜디지털플러스,FnGuide K-뉴딜 디지털 플러스 지수,equity,equity,ETC,MULTI_TECH,KR,,not_applicable_no_compatible_stock_sector,own_underlying_regime,KR:MULTI_TECH,symbol_override_from_name_index,semantic_mapping_not_constituent_verified
368590,RISE 미국나스닥100,NASDAQ 100,equity,equity,MARKET_IDX,MARKET_IDX,US,,not_applicable_no_compatible_stock_sector,own_underlying_regime,US:MARKET_IDX,existing_sector_plus_name_index,semantic_mapping_not_constituent_verified
371160,TIGER 차이나항셍테크,Hang Seng TECH Index,equity,equity,ETC,MULTI_TECH,CN,,not_applicable_no_compatible_stock_sector,own_underlying_regime,CN:MULTI_TECH,symbol_override_from_name_index,semantic_mapping_not_constituent_verified
371460,TIGER 차이나전기차SOLACTIVE,Solactive China Electric Vehicle and Battery Index(PR),equity,equity,BATTERY,BATTERY,CN,,not_applicable_no_compatible_stock_sector,own_underlying_regime,CN:BATTERY,existing_sector_plus_name_index,semantic_mapping_not_constituent_verified
371470,TIGER 차이나바이오테크SOLACTIVE,Solactive China Biotech Index(PR),equity,equity,BIO,BIO,CN,,not_applicable_no_compatible_stock_sector,own_underlying_regime,CN:BIO,existing_sector_plus_name_index,semantic_mapping_not_constituent_verified
372330,KODEX 차이나항셍테크,Hang Seng TECH Index,equity,equity,ETC,MULTI_TECH,CN,,not_applicable_no_compatible_stock_sector,own_underlying_regime,CN:MULTI_TECH,symbol_override_from_name_index,semantic_mapping_not_constituent_verified
377990,TIGER Fn신재생에너지,FnGuide 신재생에너지 지수,equity,equity,ENERGY,ENERGY,KR,ENERGY,domestic_stock_sector,domestic_stock_sector,KR:ENERGY,existing_sector_plus_name_index,semantic_mapping_not_constituent_verified
379780,RISE 미국S&P500,S&P 500,equity,equity,MARKET_IDX,MARKET_IDX,US,,not_applicable_no_compatible_stock_sector,own_underlying_regime,US:MARKET_IDX,existing_sector_plus_name_index,semantic_mapping_not_constituent_verified
379800,KODEX 미국S&P500,S&P 500,equity,equity,MARKET_IDX,MARKET_IDX,US,,not_applicable_no_compatible_stock_sector,own_underlying_regime,US:MARKET_IDX,existing_sector_plus_name_index,semantic_mapping_not_constituent_verified
379810,KODEX 미국나스닥100,NASDAQ 100,equity,equity,MARKET_IDX,MARKET_IDX,US,,not_applicable_no_compatible_stock_sector,own_underlying_regime,US:MARKET_IDX,existing_sector_plus_name_index,semantic_mapping_not_constituent_verified
380340,ACE 코리아AI테크핵심산업,FnGuide 코리아AI테크핵심산업지수 (Price Return),equity,equity,IT_HW,IT_HW,KR,IT_HW,domestic_stock_sector,domestic_stock_sector,KR:IT_HW,existing_sector_plus_name_index,semantic_mapping_not_constituent_verified
381170,TIGER 미국테크TOP10 INDXX,Indxx US Tech Top 10 Index,equity,equity,MARKET_IDX,MULTI_TECH,US,,not_applicable_no_compatible_stock_sector,own_underlying_regime,US:MULTI_TECH,symbol_override_from_name_index,semantic_mapping_not_constituent_verified
381180,TIGER 미국필라델피아반도체나스닥,PHLX Semiconductor Sector Index,equity,equity,SEMI,SEMI,US,,not_applicable_no_compatible_stock_sector,own_underlying_regime,US:SEMI,existing_sector_plus_name_index,semantic_mapping_not_constituent_verified
385520,KODEX 자율주행액티브,FnGuide K-미래차 지수,equity,equity,AUTO,AUTO,KR,AUTO,domestic_stock_sector,domestic_stock_sector,KR:AUTO,existing_sector_plus_name_index,semantic_mapping_not_constituent_verified
385550,RISE 단기채권알파액티브,KIS 단기채권알파지수(AA-이상)(총수익지수),bond_cash,bond_cash,MARKET_IDX,BOND_CASH,KR,,excluded_nonplain_equity,not_researched,KR:BOND_CASH,existing_sector_plus_name_index,semantic_mapping_not_constituent_verified
385560,RISE KIS국고채30년Enhanced,KIS 국고채30년Enhanced지수(시장가격),bond_cash,bond_cash,MARKET_IDX,BOND_CASH,KR,,excluded_nonplain_equity,not_researched,KR:BOND_CASH,existing_sector_plus_name_index,semantic_mapping_not_constituent_verified
388420,RISE 비메모리반도체액티브,iSelect 비메모리반도체 지수(시장가격지수),equity,equity,SEMI,SEMI,KR,SEMI,domestic_stock_sector,domestic_stock_sector,KR:SEMI,existing_sector_plus_name_index,semantic_mapping_not_constituent_verified
390390,KODEX 미국반도체,MVIS US Listed Semiconductor 25 Index,equity,equity,SEMI,SEMI,US,,not_applicable_no_compatible_stock_sector,own_underlying_regime,US:SEMI,existing_sector_plus_name_index,semantic_mapping_not_constituent_verified
394660,TIGER 글로벌자율주행&전기차SOLACTIVE,Solactive Autonomous & Electric Vehicles 지수(PR),equity,equity,BATTERY,BATTERY,GLOBAL,,not_applicable_no_compatible_stock_sector,own_underlying_regime,GLOBAL:BATTERY,existing_sector_plus_name_index,semantic_mapping_not_constituent_verified
394670,TIGER 글로벌리튬&2차전지SOLACTIVE(합성),Solactive Global Lithium 지수(PR),equity,equity,BATTERY,BATTERY,GLOBAL,,not_applicable_no_compatible_stock_sector,own_underlying_regime,GLOBAL:BATTERY,existing_sector_plus_name_index,semantic_mapping_not_constituent_verified
395160,KODEX AI반도체TOP2플러스,FnGuide AI반도체 TOP2+ 지수,equity,equity,SEMI,SEMI,KR,SEMI,domestic_stock_sector,domestic_stock_sector,KR:SEMI,existing_sector_plus_name_index,semantic_mapping_not_constituent_verified
395270,HANARO Fn K-반도체,FnGuide K-반도체 지수,equity,equity,SEMI,SEMI,KR,SEMI,domestic_stock_sector,domestic_stock_sector,KR:SEMI,existing_sector_plus_name_index,semantic_mapping_not_constituent_verified
395290,HANARO Fn K-POP&미디어,FnGuide K-POP & 미디어 지수,equity,equity,TELCO_MEDIA,TELCO_MEDIA,KR,TELCO_MEDIA,domestic_stock_sector,domestic_stock_sector,KR:TELCO_MEDIA,existing_sector_plus_name_index,semantic_mapping_not_constituent_verified
396500,TIGER 반도체TOP10,FnGuide 반도체TOP10 지수,equity,equity,SEMI,SEMI,KR,SEMI,domestic_stock_sector,domestic_stock_sector,KR:SEMI,existing_sector_plus_name_index,semantic_mapping_not_constituent_verified
400570,KODEX 유럽탄소배출권선물ICE(H),ICE EUA Carbon Futures Index(Excess Return),commodity_fx,commodity_fx,MARKET_IDX,COMMODITY_FX,EU,,excluded_nonplain_equity,not_researched,EU:COMMODITY_FX,existing_sector_plus_name_index,semantic_mapping_not_constituent_verified
400970,TIGER Fn메타버스,FnGuide 메타버스테마 지수,equity,equity,ETC,MULTI_TECH,KR,,not_applicable_no_compatible_stock_sector,own_underlying_regime,KR:MULTI_TECH,symbol_override_from_name_index,semantic_mapping_not_constituent_verified
401170,RISE 메타버스,iSelect 메타버스 지수(시장가격지수),equity,equity,ETC,MULTI_TECH,KR,,not_applicable_no_compatible_stock_sector,own_underlying_regime,KR:MULTI_TECH,symbol_override_from_name_index,semantic_mapping_not_constituent_verified
401470,KODEX 메타버스액티브,FnGuide K-메타버스 지수,equity,equity,ETC,MULTI_TECH,KR,,not_applicable_no_compatible_stock_sector,own_underlying_regime,KR:MULTI_TECH,symbol_override_from_name_index,semantic_mapping_not_constituent_verified
402970,ACE 미국배당다우존스,Dow Jones U.S. Dividend 100 Price Return Index,equity,equity,MARKET_IDX,MARKET_IDX,US,,not_applicable_no_compatible_stock_sector,own_underlying_regime,US:MARKET_IDX,existing_sector_plus_name_index,semantic_mapping_not_constituent_verified
407820,에셋플러스 코리아플랫폼액티브,FnGuide 플랫폼 지수(Price Return),equity,equity,SOFTWARE,SOFTWARE,KR,SOFTWARE,domestic_stock_sector,domestic_stock_sector,KR:SOFTWARE,existing_sector_plus_name_index,semantic_mapping_not_constituent_verified
409810,KODEX 미국나스닥100선물인버스(H),NASDAQ 100,leveraged_inverse,leveraged_inverse,MARKET_IDX,MARKET_IDX,US,,excluded_nonplain_equity,not_researched,US:MARKET_IDX,existing_sector_plus_name_index,semantic_mapping_not_constituent_verified
409820,KODEX 미국나스닥100레버리지(합성 H),NASDAQ 100,leveraged_inverse,leveraged_inverse,MARKET_IDX,MARKET_IDX,US,,excluded_nonplain_equity,not_researched,US:MARKET_IDX,existing_sector_plus_name_index,semantic_mapping_not_constituent_verified
411060,ACE KRX금현물,KRX 금현물지수,commodity_fx,commodity_fx,MARKET_IDX,COMMODITY_FX,KR,,excluded_nonplain_equity,not_researched,KR:COMMODITY_FX,existing_sector_plus_name_index,semantic_mapping_not_constituent_verified
411420,KODEX 미국나스닥AI테크액티브,Nasdaq CB Insights Metaverse US Index (Price Return),equity,equity,MARKET_IDX,MULTI_TECH,US,,not_applicable_no_compatible_stock_sector,own_underlying_regime,US:MULTI_TECH,symbol_override_from_name_index,semantic_mapping_not_constituent_verified
412570,TIGER 2차전지TOP10레버리지,KRX 2차전지 TOP 10 지수,leveraged_inverse,leveraged_inverse,BATTERY,BATTERY,KR,BATTERY,excluded_nonplain_equity,not_researched,KR:BATTERY,existing_sector_plus_name_index,semantic_mapping_not_constituent_verified
412770,TIGER 글로벌AI플랫폼액티브,Indxx Global Metaverse Index (Price Return),equity,equity,SOFTWARE,SOFTWARE,GLOBAL,,not_applicable_no_compatible_stock_sector,own_underlying_regime,GLOBAL:SOFTWARE,existing_sector_plus_name_index,semantic_mapping_not_constituent_verified
414270,ACE 글로벌자율주행액티브,FactSet US-China Electric&Autonomous Vehicle Price Return Index,equity,equity,ETC,AUTO,US_CN,,not_applicable_no_compatible_stock_sector,own_underlying_regime,US_CN:AUTO,symbol_override_from_name_index,semantic_mapping_not_constituent_verified
417630,TIGER KEDI혁신기업ESG30,KEDI 혁신기업ESG30 지수(시장가격 지수),equity,equity,ETC,MARKET_IDX,KR,,not_applicable_no_compatible_stock_sector,own_underlying_regime,KR:MARKET_IDX,existing_sector_plus_name_index,semantic_mapping_not_constituent_verified
418660,TIGER 미국나스닥100레버리지(합성),NASDAQ 100,leveraged_inverse,leveraged_inverse,MARKET_IDX,MARKET_IDX,US,,excluded_nonplain_equity,not_researched,US:MARKET_IDX,existing_sector_plus_name_index,semantic_mapping_not_constituent_verified
419890,KIWOOM 단기채권ESG액티브,KIS ESG 9M~1.5Y,bond_cash,bond_cash,MARKET_IDX,BOND_CASH,KR,,excluded_nonplain_equity,not_researched,KR:BOND_CASH,existing_sector_plus_name_index,semantic_mapping_not_constituent_verified
422420,RISE 2차전지액티브,iSelect 2차전지 지수 (시장가격지수),equity,equity,BATTERY,BATTERY,KR,BATTERY,domestic_stock_sector,domestic_stock_sector,KR:BATTERY,existing_sector_plus_name_index,semantic_mapping_not_constituent_verified
423160,KODEX KOFR금리액티브(합성),KOFR 지수,bond_cash,bond_cash,MARKET_IDX,BOND_CASH,KR,,excluded_nonplain_equity,not_researched,KR:BOND_CASH,existing_sector_plus_name_index,semantic_mapping_not_constituent_verified
423920,TIGER 미국필라델피아반도체레버리지(합성),PHLX Semiconductor Sector Index,leveraged_inverse,leveraged_inverse,SEMI,SEMI,US,,excluded_nonplain_equity,not_researched,US:SEMI,existing_sector_plus_name_index,semantic_mapping_not_constituent_verified
426030,TIME 미국나스닥100액티브,NASDAQ 100,equity,equity,MARKET_IDX,MARKET_IDX,US,,not_applicable_no_compatible_stock_sector,own_underlying_regime,US:MARKET_IDX,existing_sector_plus_name_index,semantic_mapping_not_constituent_verified
427120,RISE AI플랫폼,FnGuide AI 플랫폼 지수,equity,equity,SOFTWARE,SOFTWARE,KR,SOFTWARE,domestic_stock_sector,domestic_stock_sector,KR:SOFTWARE,existing_sector_plus_name_index,semantic_mapping_not_constituent_verified
434730,HANARO 원자력iSelect,iSelect 원자력지수 (시장가격),equity,equity,ENERGY,ENERGY,KR,ENERGY,domestic_stock_sector,domestic_stock_sector,KR:ENERGY,existing_sector_plus_name_index,semantic_mapping_not_constituent_verified
435040,ACE 글로벌브랜드TOP10,Bloomberg Global Select Industry Leaders TOP10 Index(PR),equity,equity,MARKET_IDX,MARKET_IDX,GLOBAL,,not_applicable_no_compatible_stock_sector,own_underlying_regime,GLOBAL:MARKET_IDX,existing_sector_plus_name_index,semantic_mapping_not_constituent_verified
441540,HANARO Fn조선해운,FnGuide 조선해운지수,equity,equity,SHIP_DEF,SHIP_DEF,KR,SHIP_DEF,domestic_stock_sector,domestic_stock_sector,KR:SHIP_DEF,existing_sector_plus_name_index,semantic_mapping_not_constituent_verified
441640,KODEX 미국배당커버드콜액티브,S&P 500,option_overlay,option_overlay,MARKET_IDX,MARKET_IDX,US,,excluded_nonplain_equity,not_researched,US:MARKET_IDX,existing_sector_plus_name_index,semantic_mapping_not_constituent_verified
441680,TIGER 미국나스닥100커버드콜(합성),Cboe Nasdaq-100 BuyWrite V2 지수 (Total Return),option_overlay,option_overlay,MARKET_IDX,MARKET_IDX,US,,excluded_nonplain_equity,not_researched,US:MARKET_IDX,existing_sector_plus_name_index,semantic_mapping_not_constituent_verified
442580,PLUS 글로벌HBM반도체,iSelect 글로벌HBM반도체 지수,equity,equity,SEMI,SEMI,GLOBAL,,not_applicable_no_compatible_stock_sector,own_underlying_regime,GLOBAL:SEMI,existing_sector_plus_name_index,semantic_mapping_not_constituent_verified
445290,KODEX 로봇액티브,iSelect K-로봇테마 지수,equity,equity,SHIP_DEF,SHIP_DEF,KR,SHIP_DEF,domestic_stock_sector,domestic_stock_sector,KR:SHIP_DEF,existing_sector_plus_name_index,semantic_mapping_not_constituent_verified
446720,SOL 미국배당다우존스,Dow Jones U.S. Dividend 100 Price Return Index,equity,equity,MARKET_IDX,MARKET_IDX,US,,not_applicable_no_compatible_stock_sector,own_underlying_regime,US:MARKET_IDX,existing_sector_plus_name_index,semantic_mapping_not_constituent_verified
446770,ACE 글로벌반도체TOP4 Plus,Solactive Global Semiconductor TOP4 Plus Price Return Index,equity,equity,SEMI,SEMI,GLOBAL,,not_applicable_no_compatible_stock_sector,own_underlying_regime,GLOBAL:SEMI,existing_sector_plus_name_index,semantic_mapping_not_constituent_verified
449170,TIGER KOFR금리액티브(합성),KOFR 지수,bond_cash,bond_cash,MARKET_IDX,BOND_CASH,KR,,excluded_nonplain_equity,not_researched,KR:BOND_CASH,existing_sector_plus_name_index,semantic_mapping_not_constituent_verified
449450,PLUS K방산,FnGuide K-방위산업 지수,equity,equity,SHIP_DEF,SHIP_DEF,KR,SHIP_DEF,domestic_stock_sector,domestic_stock_sector,KR:SHIP_DEF,existing_sector_plus_name_index,semantic_mapping_not_constituent_verified
451530,TIGER 국고채30년스트립액티브,KIS STRIP 30Y Index(총수익지수),bond_cash,bond_cash,MARKET_IDX,BOND_CASH,KR,,excluded_nonplain_equity,not_researched,KR:BOND_CASH,existing_sector_plus_name_index,semantic_mapping_not_constituent_verified
452360,SOL 미국배당다우존스(H),Dow Jones U.S. Dividend 100 Price Return Index,equity,equity,MARKET_IDX,MARKET_IDX,US,,not_applicable_no_compatible_stock_sector,own_underlying_regime,US:MARKET_IDX,existing_sector_plus_name_index,semantic_mapping_not_constituent_verified
453810,KODEX 인도Nifty50,Nifty 50 Index,equity,equity,ETC,MARKET_IDX,IN,,not_applicable_no_compatible_stock_sector,own_underlying_regime,IN:MARKET_IDX,existing_sector_plus_name_index,semantic_mapping_not_constituent_verified
453850,ACE 미국30년국채액티브(H),Bloomberg U.S Treasury 20+ Year Total Return Index,bond_cash,bond_cash,MARKET_IDX,BOND_CASH,US,,excluded_nonplain_equity,not_researched,US:BOND_CASH,existing_sector_plus_name_index,semantic_mapping_not_constituent_verified
453870,TIGER 인도니프티50,Nifty 50 Index,equity,equity,ETC,MARKET_IDX,IN,,not_applicable_no_compatible_stock_sector,own_underlying_regime,IN:MARKET_IDX,existing_sector_plus_name_index,semantic_mapping_not_constituent_verified
455850,SOL AI반도체소부장,FnGuide AI 반도체 소부장 지수,equity,equity,SEMI,SEMI,KR,SEMI,domestic_stock_sector,domestic_stock_sector,KR:SEMI,existing_sector_plus_name_index,semantic_mapping_not_constituent_verified
455860,SOL 2차전지소부장Fn,FnGuide 2차전지 소부장 지수(PR),equity,equity,SEMI,BATTERY,KR,BATTERY,domestic_stock_sector,domestic_stock_sector,KR:BATTERY,symbol_override_from_name_index,semantic_mapping_not_constituent_verified
455890,RISE 머니마켓액티브,KIS 시가평가 MMF 지수 (총수익지수),bond_cash,bond_cash,MARKET_IDX,BOND_CASH,KR,,excluded_nonplain_equity,not_researched,KR:BOND_CASH,existing_sector_plus_name_index,semantic_mapping_not_constituent_verified
456600,TIME 글로벌AI인공지능액티브,Solactive Global Artificial Intelligence 지수,equity,equity,ETC,MULTI_TECH,GLOBAL,,not_applicable_no_compatible_stock_sector,own_underlying_regime,GLOBAL:MULTI_TECH,symbol_override_from_name_index,semantic_mapping_not_constituent_verified
457480,ACE 테슬라밸류체인액티브,Bloomberg EV Supporters Plus Tesla Price Return Index,equity,equity,ETC,AUTO,US,,not_applicable_no_compatible_stock_sector,own_underlying_regime,US:AUTO,symbol_override_from_name_index,semantic_mapping_not_constituent_verified
457990,PLUS 태양광&ESS,FnGuide 태양광 & ESS 지수,equity,equity,ENERGY,ENERGY,KR,ENERGY,domestic_stock_sector,domestic_stock_sector,KR:ENERGY,existing_sector_plus_name_index,semantic_mapping_not_constituent_verified
458250,TIGER 미국30년국채스트립액티브(합성 H),ICE BofA Long US Treasury Principal STRIPS Index,bond_cash,bond_cash,MARKET_IDX,BOND_CASH,US,,excluded_nonplain_equity,not_researched,US:BOND_CASH,existing_sector_plus_name_index,semantic_mapping_not_constituent_verified
458730,TIGER 미국배당다우존스,Dow Jones U.S. Dividend 100 Price Return Index,equity,equity,MARKET_IDX,MARKET_IDX,US,,not_applicable_no_compatible_stock_sector,own_underlying_regime,US:MARKET_IDX,existing_sector_plus_name_index,semantic_mapping_not_constituent_verified
458760,TIGER 미국배당다우존스타겟커버드콜2호,DowJones U.S. Dividend 100 7% Premium Covered Call 지수 (TR),option_overlay,option_overlay,MARKET_IDX,MARKET_IDX,US,,excluded_nonplain_equity,not_researched,US:MARKET_IDX,existing_sector_plus_name_index,semantic_mapping_not_constituent_verified
459580,KODEX CD금리액티브(합성),KAP 양도성예금증서(CD)금리지수(총수익지수),bond_cash,bond_cash,MARKET_IDX,BOND_CASH,KR,,excluded_nonplain_equity,not_researched,KR:BOND_CASH,existing_sector_plus_name_index,semantic_mapping_not_constituent_verified
461950,KODEX 2차전지핵심소재10,FnGuide 2차전지핵심소재10 지수,equity,equity,BATTERY,BATTERY,KR,BATTERY,domestic_stock_sector,domestic_stock_sector,KR:BATTERY,existing_sector_plus_name_index,semantic_mapping_not_constituent_verified
462010,TIGER 2차전지소재Fn,FnGuide 2차전지소재 (Price Return) 지수,equity,equity,BATTERY,BATTERY,KR,BATTERY,domestic_stock_sector,domestic_stock_sector,KR:BATTERY,existing_sector_plus_name_index,semantic_mapping_not_constituent_verified
462330,KODEX 2차전지산업레버리지,FnGuide 2차전지 산업 지수,leveraged_inverse,leveraged_inverse,BATTERY,BATTERY,KR,BATTERY,excluded_nonplain_equity,not_researched,KR:BATTERY,existing_sector_plus_name_index,semantic_mapping_not_constituent_verified
462900,KoAct 바이오헬스케어액티브,iSelect 바이오헬스케어 PR 지수,equity,equity,BIO,BIO,KR,BIO,domestic_stock_sector,domestic_stock_sector,KR:BIO,existing_sector_plus_name_index,semantic_mapping_not_constituent_verified
463050,TIME K바이오액티브,KRX 헬스케어,equity,equity,BIO,BIO,KR,BIO,domestic_stock_sector,domestic_stock_sector,KR:BIO,existing_sector_plus_name_index,semantic_mapping_not_constituent_verified
463250,TIGER K방산&우주,iSelect K방산&우주,equity,equity,SHIP_DEF,SHIP_DEF,KR,SHIP_DEF,domestic_stock_sector,domestic_stock_sector,KR:SHIP_DEF,existing_sector_plus_name_index,semantic_mapping_not_constituent_verified
464600,SOL 자동차소부장Fn,FnGuide 자동차소부장지수(PR),equity,equity,AUTO,AUTO,KR,AUTO,domestic_stock_sector,domestic_stock_sector,KR:AUTO,existing_sector_plus_name_index,semantic_mapping_not_constituent_verified
464610,SOL 의료기기소부장Fn,FnGuide 의료기기소부장지수(PR),equity,equity,HEALTH_SVC,HEALTH_SVC,KR,HEALTH_SVC,domestic_stock_sector,domestic_stock_sector,KR:HEALTH_SVC,existing_sector_plus_name_index,semantic_mapping_not_constituent_verified
464930,TIGER 글로벌혁신블루칩TOP10,Mirae Asset Global Innovative Bluechip Top 10 Index(PR),equity,equity,MARKET_IDX,MARKET_IDX,GLOBAL,,not_applicable_no_compatible_stock_sector,own_underlying_regime,GLOBAL:MARKET_IDX,existing_sector_plus_name_index,semantic_mapping_not_constituent_verified
465330,RISE 2차전지TOP10,iSelect 2차전지 TOP10 지수(PR),equity,equity,BATTERY,BATTERY,KR,BATTERY,domestic_stock_sector,domestic_stock_sector,KR:BATTERY,existing_sector_plus_name_index,semantic_mapping_not_constituent_verified
465350,RISE 2차전지TOP10인버스(합성),iSelect 2차전지 TOP10 지수(PR),leveraged_inverse,leveraged_inverse,MARKET_IDX,BATTERY,KR,BATTERY,excluded_nonplain_equity,not_researched,KR:BATTERY,symbol_override_from_name_index,semantic_mapping_not_constituent_verified
465580,ACE 미국빅테크TOP7 Plus,Solactive US Big Tech Top 7 Plus Price Return Index,equity,equity,MARKET_IDX,MULTI_TECH,US,,not_applicable_no_compatible_stock_sector,own_underlying_regime,US:MULTI_TECH,symbol_override_from_name_index,semantic_mapping_not_constituent_verified
466920,SOL 조선TOP3플러스,FnGuide 조선TOP3플러스지수(PR),equity,equity,SHIP_DEF,SHIP_DEF,KR,SHIP_DEF,domestic_stock_sector,domestic_stock_sector,KR:SHIP_DEF,existing_sector_plus_name_index,semantic_mapping_not_constituent_verified
466930,SOL 자동차TOP3플러스,FnGuide 자동차TOP3플러스지수(PR),equity,equity,AUTO,AUTO,KR,AUTO,domestic_stock_sector,domestic_stock_sector,KR:AUTO,existing_sector_plus_name_index,semantic_mapping_not_constituent_verified
466940,TIGER 은행고배당플러스TOP10,FnGuide 은행고배당플러스TOP10 지수(시장가격 지수),equity,equity,MARKET_IDX,FINANCE,KR,FINANCE,domestic_stock_sector,domestic_stock_sector,KR:FINANCE,symbol_override_from_name_index,semantic_mapping_not_constituent_verified
469070,RISE AI&로봇,iSelect AI&로봇 지수(시장가격),equity,equity,SHIP_DEF,SHIP_DEF,KR,SHIP_DEF,domestic_stock_sector,domestic_stock_sector,KR:SHIP_DEF,existing_sector_plus_name_index,semantic_mapping_not_constituent_verified
469150,ACE AI반도체TOP3+,FnGuide AI반도체 TOP3+ 지수,equity,equity,SEMI,SEMI,KR,SEMI,domestic_stock_sector,domestic_stock_sector,KR:SEMI,existing_sector_plus_name_index,semantic_mapping_not_constituent_verified
469830,SOL 초단기채권액티브,KAP 단기자금시장지수,bond_cash,bond_cash,MARKET_IDX,BOND_CASH,KR,,excluded_nonplain_equity,not_researched,KR:BOND_CASH,existing_sector_plus_name_index,semantic_mapping_not_constituent_verified
471230,KODEX 국고채10년액티브,KAP 국고채 10년 지수(TR),bond_cash,bond_cash,MARKET_IDX,BOND_CASH,KR,,excluded_nonplain_equity,not_researched,KR:BOND_CASH,existing_sector_plus_name_index,semantic_mapping_not_constituent_verified
471760,TIGER AI반도체핵심공정,iSelect AI반도체핵심공정지수,equity,equity,SEMI,SEMI,KR,SEMI,domestic_stock_sector,domestic_stock_sector,KR:SEMI,existing_sector_plus_name_index,semantic_mapping_not_constituent_verified
471990,KODEX AI반도체핵심장비,iSelect AI 반도체핵심장비 지수,equity,equity,SEMI,SEMI,KR,SEMI,domestic_stock_sector,domestic_stock_sector,KR:SEMI,existing_sector_plus_name_index,semantic_mapping_not_constituent_verified
472150,TIGER 배당커버드콜액티브,코스피 200 커버드콜 5% OTM,option_overlay,option_overlay,MARKET_IDX,MARKET_IDX,KR,,excluded_nonplain_equity,not_researched,KR:MARKET_IDX,existing_sector_plus_name_index,semantic_mapping_not_constituent_verified
472160,TIGER 미국테크TOP10 INDXX(H),Indxx US Tech Top 10 Index,equity,equity,MARKET_IDX,MULTI_TECH,US,,not_applicable_no_compatible_stock_sector,own_underlying_regime,US:MULTI_TECH,symbol_override_from_name_index,semantic_mapping_not_constituent_verified
472870,RISE 미국30년국채엔화노출(합성 H),KIS 미국채30년 엔화노출 지수(USD/JPY 헤지)(총수익지수),bond_cash,bond_cash,MARKET_IDX,BOND_CASH,US,,excluded_nonplain_equity,not_researched,US:BOND_CASH,existing_sector_plus_name_index,semantic_mapping_not_constituent_verified
473330,SOL 미국30년국채커버드콜(합성),KEDI 미국 국채 20년+ 커버드콜 지수(NTR),bond_cash,bond_cash,MARKET_IDX,BOND_CASH,US,,excluded_nonplain_equity,not_researched,US:BOND_CASH,existing_sector_plus_name_index,semantic_mapping_not_constituent_verified
474220,TIGER 미국테크TOP10타겟커버드콜,Bloomberg U.S. Tech Top10+10% Premium Covered Call Index,option_overlay,option_overlay,MARKET_IDX,MULTI_TECH,US,,excluded_nonplain_equity,not_researched,US:MULTI_TECH,symbol_override_from_name_index,semantic_mapping_not_constituent_verified
475050,ACE KPOP포커스,iSelect K-POP 포커스지수(시장가격),equity,equity,TELCO_MEDIA,TELCO_MEDIA,KR,TELCO_MEDIA,domestic_stock_sector,domestic_stock_sector,KR:TELCO_MEDIA,existing_sector_plus_name_index,semantic_mapping_not_constituent_verified
475080,KODEX 테슬라커버드콜채권혼합액티브,KEDI 테슬라 인컴 프리미엄 밸런스드 지수(TR),mixed,mixed,MARKET_IDX,MULTI_ASSET,KR,,excluded_nonplain_equity,not_researched,KR:MULTI_ASSET,existing_sector_plus_name_index,semantic_mapping_not_constituent_verified
475300,SOL 반도체전공정,FnGuide 반도체 전공정 지수(PR),equity,equity,SEMI,SEMI,KR,SEMI,domestic_stock_sector,domestic_stock_sector,KR:SEMI,existing_sector_plus_name_index,semantic_mapping_not_constituent_verified
475630,TIGER CD1년금리액티브(합성),KIS CD 1Y 총수익지수,bond_cash,bond_cash,MARKET_IDX,BOND_CASH,KR,,excluded_nonplain_equity,not_researched,KR:BOND_CASH,existing_sector_plus_name_index,semantic_mapping_not_constituent_verified
475720,RISE 200위클리커버드콜,코스피 200 위클리 커버드콜 ATM 지수,option_overlay,option_overlay,MARKET_IDX,MARKET_IDX,KR,,excluded_nonplain_equity,not_researched,KR:MARKET_IDX,existing_sector_plus_name_index,semantic_mapping_not_constituent_verified
476550,TIGER 미국30년국채커버드콜액티브(H),KEDI 미국채30년 위클리 커버드콜30 지수(Total Return),bond_cash,bond_cash,MARKET_IDX,BOND_CASH,US,,excluded_nonplain_equity,not_researched,US:BOND_CASH,existing_sector_plus_name_index,semantic_mapping_not_constituent_verified
479850,HANARO K-뷰티,FnGuide K-뷰티 지수,equity,equity,HEALTH_SVC,HEALTH_SVC,KR,HEALTH_SVC,domestic_stock_sector,domestic_stock_sector,KR:HEALTH_SVC,existing_sector_plus_name_index,semantic_mapping_not_constituent_verified
481050,KODEX CD1년금리플러스액티브(합성),KAP 1년은행 CD+추가금리 지수(총수익지수),equity,bond_cash,MARKET_IDX,BOND_CASH,KR,,excluded_nonplain_equity,not_researched,KR:BOND_CASH,symbol_override_from_name_index,semantic_mapping_not_constituent_verified
481060,KODEX 미국30년국채타겟커버드콜(합성 H),Bloomberg U.S.Treasury 20+ Year(TLT)+ 12% Premium Covered Call index(TR),bond_cash,bond_cash,MARKET_IDX,BOND_CASH,US,,excluded_nonplain_equity,not_researched,US:BOND_CASH,existing_sector_plus_name_index,semantic_mapping_not_constituent_verified
483280,KODEX 미국AI테크TOP10타겟커버드콜,KEDI 미국 AI 테크 TOP10+15%프리미엄 지수(Total Return),option_overlay,option_overlay,MARKET_IDX,MULTI_TECH,US,,excluded_nonplain_equity,not_researched,US:MULTI_TECH,symbol_override_from_name_index,semantic_mapping_not_constituent_verified
483320,ACE 엔비디아밸류체인액티브,KEDI 글로벌AI반도체 지수,equity,equity,SEMI,SEMI,GLOBAL,,not_applicable_no_compatible_stock_sector,own_underlying_regime,GLOBAL:SEMI,existing_sector_plus_name_index,semantic_mapping_not_constituent_verified
484790,KODEX 미국30년국채액티브(H),KEDI-KAP 미국 국채 20+ 지수(TR),bond_cash,bond_cash,MARKET_IDX,BOND_CASH,US,,excluded_nonplain_equity,not_researched,US:BOND_CASH,existing_sector_plus_name_index,semantic_mapping_not_constituent_verified
486290,TIGER 미국나스닥100타겟데일리커버드콜,NASDAQ 100 Daily Covered Call Target Premium 15% 지수(TR),option_overlay,option_overlay,MARKET_IDX,MARKET_IDX,US,,excluded_nonplain_equity,not_researched,US:MARKET_IDX,existing_sector_plus_name_index,semantic_mapping_not_constituent_verified
487230,KODEX 미국AI전력핵심인프라,iSelect 미국AI전력핵심인프라 지수(Price Return),reit_infra,equity,CONSTRUCT,ENERGY,US,,not_applicable_no_compatible_stock_sector,own_underlying_regime,US:ENERGY,symbol_override_from_name_index,semantic_mapping_not_constituent_verified
487240,KODEX AI전력핵심설비,iSelect AI 전력핵심설비 지수(Price Return),equity,equity,ENERGY,ENERGY,KR,ENERGY,domestic_stock_sector,domestic_stock_sector,KR:ENERGY,existing_sector_plus_name_index,semantic_mapping_not_constituent_verified
487750,BNK 온디바이스AI,FnGuide 온디바이스AI 지수,equity,equity,IT_HW,IT_HW,KR,IT_HW,domestic_stock_sector,domestic_stock_sector,KR:IT_HW,existing_sector_plus_name_index,semantic_mapping_not_constituent_verified
488080,TIGER 반도체TOP10레버리지,FnGuide 반도체TOP10 지수,leveraged_inverse,leveraged_inverse,SEMI,SEMI,KR,SEMI,excluded_nonplain_equity,not_researched,KR:SEMI,existing_sector_plus_name_index,semantic_mapping_not_constituent_verified
488770,KODEX 머니마켓액티브,KAP MMF 지수(TR),bond_cash,bond_cash,MARKET_IDX,BOND_CASH,KR,,excluded_nonplain_equity,not_researched,KR:BOND_CASH,existing_sector_plus_name_index,semantic_mapping_not_constituent_verified
494300,KODEX 미국나스닥100데일리커버드콜OTM,NASDAQ-100 Daily Covered Call 101 Index(TR),option_overlay,option_overlay,MARKET_IDX,MARKET_IDX,US,,excluded_nonplain_equity,not_researched,US:MARKET_IDX,existing_sector_plus_name_index,semantic_mapping_not_constituent_verified
494310,KODEX 반도체레버리지,KRX 반도체,leveraged_inverse,leveraged_inverse,SEMI,SEMI,KR,SEMI,excluded_nonplain_equity,not_researched,KR:SEMI,existing_sector_plus_name_index,semantic_mapping_not_constituent_verified
494670,TIGER 조선TOP10,iSelect 조선TOP10 Index(PR),equity,equity,SHIP_DEF,SHIP_DEF,KR,SHIP_DEF,domestic_stock_sector,domestic_stock_sector,KR:SHIP_DEF,existing_sector_plus_name_index,semantic_mapping_not_constituent_verified
497570,TIGER 미국필라델피아AI반도체나스닥,PHLX US AI Semiconductor 지수 (PR),equity,equity,SEMI,SEMI,US,,not_applicable_no_compatible_stock_sector,own_underlying_regime,US:SEMI,existing_sector_plus_name_index,semantic_mapping_not_constituent_verified
498400,KODEX 200타겟위클리커버드콜,코스피 200 타겟 15% 위클리 커버드콜 지수,option_overlay,option_overlay,MARKET_IDX,MARKET_IDX,KR,,excluded_nonplain_equity,not_researched,KR:MARKET_IDX,existing_sector_plus_name_index,semantic_mapping_not_constituent_verified
498410,KODEX 금융고배당TOP10타겟위클리커버드콜,코스피 200 금융 고배당 TOP 10 타겟 15%분배 위클리 커버드콜 지수,option_overlay,option_overlay,MARKET_IDX,FINANCE,KR,FINANCE,excluded_nonplain_equity,not_researched,KR:FINANCE,symbol_override_from_name_index,semantic_mapping_not_constituent_verified
499660,TIGER CD금리플러스액티브(합성),KIS CD+CPI연동금리 월분배 지수,bond_cash,bond_cash,MARKET_IDX,BOND_CASH,KR,,excluded_nonplain_equity,not_researched,KR:BOND_CASH,existing_sector_plus_name_index,semantic_mapping_not_constituent_verified
