case,variant,phase,period,start,end,days,CAGR,MDD,Sharpe,totalReturn,SPY_CAGR,excessCAGR,annualTurnover,case_kind,case_start,case_capital,case_mode,case_sector,weight,frequency,beta_cut,beta_days,initial_capital,cost,participation,persist_orders
B3_w50,B3_w50,baseline,full,2017-01-04,2026-09-22,2442,0.1903223049524491,-0.5739697527364074,0.6449090693474839,4.410354609351548,0.1534966939059092,0.0368256110465399,7.370848979035836,frozen_baseline,,,,,50,event,0.5,3,100000.0,0.0025,0.01,True
B3_w50,B3_w50,baseline,2017_2022,2017-01-04,2022-12-30,1509,0.2902312121445667,-0.4825843902039421,0.8493401066287986,3.599258204829834,0.1124281175972994,0.1778030945472672,7.251904211782131,frozen_baseline,,,,,50,event,0.5,3,100000.0,0.0025,0.01,True
B3_w50,B3_w50,baseline,2023_2026,2023-01-03,2026-09-22,933,0.0448454308252834,-0.4438959132202206,0.3053033734502969,0.1763537441037717,0.2231529414345989,-0.1783075106093155,7.563225885558706,frozen_baseline,,,,,50,event,0.5,3,100000.0,0.0025,0.01,True
B3_w50,B3_w50,baseline,2017,2017-01-04,2017-12-29,250,0.4668045379907983,-0.1102877442384248,1.9607631396245595,0.4623516863549717,0.2120011745455907,0.2548033634452076,5.9699720838611405,frozen_baseline,,,,,50,event,0.5,3,100000.0,0.0025,0.01,True
B3_w50,B3_w50,baseline,2018,2018-01-02,2018-12-31,251,-0.189687666543488,-0.2837026837507085,-0.6141512214115464,-0.1890110450919513,-0.0642984107744514,-0.1253892557690366,5.752883520343542,frozen_baseline,,,,,50,event,0.5,3,100000.0,0.0025,0.01,True
B3_w50,B3_w50,baseline,2019,2019-01-02,2019-12-31,252,0.5141306585395493,-0.160604792097983,1.8798892100609124,0.5141306585395493,0.3401954545671213,0.173935203972428,6.477135914131221,frozen_baseline,,,,,50,event,0.5,3,100000.0,0.0025,0.01,True
B3_w50,B3_w50,baseline,2020,2020-01-02,2020-12-31,253,1.6388534372985415,-0.4584194821108134,2.068255976695045,1.6490341245439164,0.1813082709311855,1.457545166367356,6.640174277241241,frozen_baseline,,,,,50,event,0.5,3,100000.0,0.0025,0.01,True
B3_w50,B3_w50,baseline,2021,2021-01-04,2021-12-31,252,0.1499368154118809,-0.4596148430596977,0.5302162708982717,0.1499368154118809,0.2861550585808201,-0.1362182431689391,7.216978015126454,frozen_baseline,,,,,50,event,0.5,3,100000.0,0.0025,0.01,True
B3_w50,B3_w50,baseline,2022,2022-01-03,2022-12-30,251,-0.1597739882126149,-0.3120811270251787,-0.177680686436306,-0.1591933503431721,-0.180528833522089,0.0207548453094741,11.45727437726197,frozen_baseline,,,,,50,event,0.5,3,100000.0,0.0025,0.01,True
B3_w50,B3_w50,baseline,2023,2023-01-03,2023-12-29,250,0.0764800332660424,-0.3545635812974277,0.405600984771021,0.0758505919664376,0.2494116142532503,-0.1729315809872078,8.180488366347202,frozen_baseline,,,,,50,event,0.5,3,100000.0,0.0025,0.01,True
B3_w50,B3_w50,baseline,2024,2024-01-02,2024-12-31,252,0.112734184340139,-0.1947889691403014,0.4779311832241557,0.112734184340139,0.2643074461050603,-0.1515732617649212,5.982309263132688,frozen_baseline,,,,,50,event,0.5,3,100000.0,0.0025,0.01,True
B3_w50,B3_w50,baseline,2025,2025-01-02,2025-12-31,250,-0.1239046389557472,-0.4438959132202206,-0.0749369989289995,-0.122984392591753,0.1785790013706134,-0.3024836403263606,7.9233931529064785,frozen_baseline,,,,,50,event,0.5,3,100000.0,0.0025,0.01,True
B3_w50,B3_w50,baseline,2026,2026-01-02,2026-09-22,181,0.1715480684663388,-0.2480088206629721,0.5819032276375332,0.1204364363653602,0.193982242745804,-0.0224341742794651,8.414239983996774,frozen_baseline,,,,,50,event,0.5,3,100000.0,0.0025,0.01,True
B3_w55,B3_w55,baseline,full,2017-01-04,2026-09-22,2442,0.2902665080473756,-0.5105472578972599,0.8532366048481853,10.81779155839231,0.1534966939059092,0.1367698141414663,7.619820074145013,frozen_baseline,,,,,55,event,0.5,3,100000.0,0.0025,0.01,True
B3_w55,B3_w55,baseline,2017_2022,2017-01-04,2022-12-30,1509,0.266587086446802,-0.4689868365860936,0.8156747140219581,3.1170722566909825,0.1124281175972994,0.1541589688495026,7.60781916992044,frozen_baseline,,,,,55,event,0.5,3,100000.0,0.0025,0.01,True
B3_w55,B3_w55,baseline,2023_2026,2023-01-03,2026-09-22,933,0.3295053548713131,-0.4564293575238384,0.9108563155317098,1.8704357906729112,0.2231529414345989,0.1063524134367142,7.639229896733314,frozen_baseline,,,,,55,event,0.5,3,100000.0,0.0025,0.01,True
B3_w55,B3_w55,baseline,2017,2017-01-04,2017-12-29,250,0.4648733923890424,-0.0911008468993791,1.966143475483767,0.4604416732698051,0.2120011745455907,0.2528722178434517,6.705494915459554,frozen_baseline,,,,,55,event,0.5,3,100000.0,0.0025,0.01,True
B3_w55,B3_w55,baseline,2018,2018-01-02,2018-12-31,251,-0.2032049408825005,-0.4006275922625606,-0.5625129673068923,-0.202486370271932,-0.0642984107744514,-0.1389065301080491,7.528192317507211,frozen_baseline,,,,,55,event,0.5,3,100000.0,0.0025,0.01,True
B3_w55,B3_w55,baseline,2019,2019-01-02,2019-12-31,252,0.5486592041986194,-0.1693642936582616,2.0377746068114915,0.5486592041986194,0.3401954545671213,0.208463749631498,5.740353442693587,frozen_baseline,,,,,55,event,0.5,3,100000.0,0.0025,0.01,True
B3_w55,B3_w55,baseline,2020,2020-01-02,2020-12-31,253,1.137626993142601,-0.4598983568613473,1.701690346328958,1.1440809521852784,0.1813082709311855,0.9563187222114156,5.971877486052992,frozen_baseline,,,,,55,event,0.5,3,100000.0,0.0025,0.01,True
B3_w55,B3_w55,baseline,2021,2021-01-04,2021-12-31,252,0.2043124485662844,-0.3827770413233665,0.6169801424870252,0.2043124485662844,0.2861550585808201,-0.0818426100145357,10.170034636141114,frozen_baseline,,,,,55,event,0.5,3,100000.0,0.0025,0.01,True
B3_w55,B3_w55,baseline,2022,2022-01-03,2022-12-30,251,-0.1164797261896986,-0.2233436787093335,-0.1861225940125639,-0.1160454287310279,-0.180528833522089,0.0640491073323904,9.537634768976064,frozen_baseline,,,,,55,event,0.5,3,100000.0,0.0025,0.01,True
B3_w55,B3_w55,baseline,2023,2023-01-03,2023-12-29,250,0.0571095572055202,-0.3348166040056474,0.3341357243132496,0.0566437065380904,0.2494116142532503,-0.19230205704773,8.025752621341661,frozen_baseline,,,,,55,event,0.5,3,100000.0,0.0025,0.01,True
B3_w55,B3_w55,baseline,2024,2024-01-02,2024-12-31,252,0.7170334531588187,-0.1880358435329305,1.7124785335279171,0.7170334531588187,0.2643074461050603,0.4527260070537584,4.985945198467158,frozen_baseline,,,,,55,event,0.5,3,100000.0,0.0025,0.01,True
B3_w55,B3_w55,baseline,2025,2025-01-02,2025-12-31,250,0.2818676946269931,-0.4371968032467089,0.7626953294075691,0.2793439044588135,0.1785790013706134,0.1032886932563796,7.403248164668113,frozen_baseline,,,,,55,event,0.5,3,100000.0,0.0025,0.01,True
B3_w55,B3_w55,baseline,2026,2026-01-02,2026-09-22,181,0.3441289224851116,-0.2719880053062244,0.8580997263759945,0.2366682328795097,0.193982242745804,0.1501466797393076,11.125376282519415,frozen_baseline,,,,,55,event,0.5,3,100000.0,0.0025,0.01,True
B3_w50__weight45,B3_w50,diagnostics,full,2017-01-04,2026-09-22,2442,0.0863990017348583,-0.6362446656113758,0.4087769403167225,1.2323074856520575,0.1534966939059092,-0.0670976921710508,7.350132205273108,core_surface,,,,,45,event,0.5,3,100000.0,0.0025,0.01,True
B3_w50__weight45,B3_w50,diagnostics,2017_2022,2017-01-04,2022-12-30,1509,0.0808196088049029,-0.4903955564644709,0.4004044016033836,0.5926394450363897,0.1124281175972994,-0.0316085087923965,6.801871678451211,core_surface,,,,,45,event,0.5,3,100000.0,0.0025,0.01,True
B3_w50__weight45,B3_w50,diagnostics,2023_2026,2023-01-03,2026-09-22,933,0.0954839345049294,-0.5300851765100739,0.42832907561425,0.4016402096590339,0.2231529414345989,-0.1276690069296695,8.236868684345177,core_surface,,,,,45,event,0.5,3,100000.0,0.0025,0.01,True
B3_w50__weight45,B3_w50,diagnostics,2017,2017-01-04,2017-12-29,250,0.3148703740945504,-0.116503269667988,1.4408672245888388,0.3120168867614874,0.2120011745455907,0.1028691995489596,5.958673363796524,core_surface,,,,,45,event,0.5,3,100000.0,0.0025,0.01,True
B3_w50__weight45,B3_w50,diagnostics,2018,2018-01-02,2018-12-31,251,-0.1447611028389007,-0.3235132328445917,-0.3551061908266629,-0.1442302337750566,-0.0642984107744514,-0.0804626920644493,5.693284128714751,core_surface,,,,,45,event,0.5,3,100000.0,0.0025,0.01,True
B3_w50__weight45,B3_w50,diagnostics,2019,2019-01-02,2019-12-31,252,0.2713138944615434,-0.1459985192655696,1.1760081527624895,0.2713138944615434,0.3401954545671213,-0.0688815601055778,7.124928493437023,core_surface,,,,,45,event,0.5,3,100000.0,0.0025,0.01,True
B3_w50__weight45,B3_w50,diagnostics,2020,2020-01-02,2020-12-31,253,0.465631334021507,-0.4868942892184544,1.091129094449492,0.4678563962282469,0.1813082709311855,0.2843230630903215,5.540346242006204,core_surface,,,,,45,event,0.5,3,100000.0,0.0025,0.01,True
B3_w50__weight45,B3_w50,diagnostics,2021,2021-01-04,2021-12-31,252,-0.0842443744774976,-0.3789777988062508,-0.0556862827291711,-0.0842443744774976,0.2861550585808201,-0.3703994330583178,7.2399029301620335,core_surface,,,,,45,event,0.5,3,100000.0,0.0025,0.01,True
B3_w50__weight45,B3_w50,diagnostics,2022,2022-01-03,2022-12-30,251,-0.1705640494864275,-0.2764120069721687,-0.2649096105715314,-0.1699482960050757,-0.180528833522089,0.0099647840356614,9.257755328891683,core_surface,,,,,45,event,0.5,3,100000.0,0.0025,0.01,True
B3_w50__weight45,B3_w50,diagnostics,2023,2023-01-03,2023-12-29,250,-0.0851365407327336,-0.4868710589297617,-0.0262059153391808,-0.0844902414261917,0.2494116142532503,-0.334548154985984,8.717113029116929,core_surface,,,,,45,event,0.5,3,100000.0,0.0025,0.01,True
B3_w50__weight45,B3_w50,diagnostics,2024,2024-01-02,2024-12-31,252,0.1080503869113327,-0.3258623331583957,0.4622298321981981,0.1080503869113327,0.2643074461050603,-0.1562570591937275,7.701788184005015,core_surface,,,,,45,event,0.5,3,100000.0,0.0025,0.01,True
B3_w50__weight45,B3_w50,diagnostics,2025,2025-01-02,2025-12-31,250,0.1878719246852069,-0.4551556891791538,0.5882250425739098,0.1862499530622012,0.1785790013706134,0.0092929233145935,8.211051903809748,core_surface,,,,,45,event,0.5,3,100000.0,0.0025,0.01,True
B3_w50__weight45,B3_w50,diagnostics,2026,2026-01-02,2026-09-22,181,0.2365755517051035,-0.319187288329287,0.6771616033234218,0.1647637661410552,0.193982242745804,0.0425933089592995,8.354180259078003,core_surface,,,,,45,event,0.5,3,100000.0,0.0025,0.01,True
B3_w50__weight60,B3_w50,diagnostics,full,2017-01-04,2026-09-22,2442,0.2128987696845667,-0.4724698838147444,0.6968634444795604,5.490824391017977,0.1534966939059092,0.0594020757786575,8.151024117183177,core_surface,,,,,60,event,0.5,3,100000.0,0.0025,0.01,True
B3_w50__weight60,B3_w50,diagnostics,2017_2022,2017-01-04,2022-12-30,1509,0.2011144359435379,-0.4724698838147444,0.69968586111681,1.9961178154918744,0.1124281175972994,0.0886863183462385,7.382625880105709,core_surface,,,,,60,event,0.5,3,100000.0,0.0025,0.01,True
B3_w50__weight60,B3_w50,diagnostics,2023_2026,2023-01-03,2026-09-22,933,0.232203531519304,-0.4631442453476498,0.7007623540887976,1.166411600190158,0.2231529414345989,0.0090505900847051,9.393803259466027,core_surface,,,,,60,event,0.5,3,100000.0,0.0025,0.01,True
B3_w50__weight60,B3_w50,diagnostics,2017,2017-01-04,2017-12-29,250,0.1084564126725815,-0.1115127646275933,0.6139175849225341,0.1075509413168376,0.2120011745455907,-0.1035447618730092,7.446451165915142,core_surface,,,,,60,event,0.5,3,100000.0,0.0025,0.01,True
B3_w50__weight60,B3_w50,diagnostics,2018,2018-01-02,2018-12-31,251,-0.1466874502281296,-0.4053495854203411,-0.376174963579713,-0.1461501365042524,-0.0642984107744514,-0.0823890394536782,9.136364629397962,core_surface,,,,,60,event,0.5,3,100000.0,0.0025,0.01,True
B3_w50__weight60,B3_w50,diagnostics,2019,2019-01-02,2019-12-31,252,0.7375990902976857,-0.1758148064171431,2.389165621317381,0.7375990902976857,0.3401954545671213,0.3974036357305643,5.635602449559989,core_surface,,,,,60,event,0.5,3,100000.0,0.0025,0.01,True
B3_w50__weight60,B3_w50,diagnostics,2020,2020-01-02,2020-12-31,253,0.6025682885383026,-0.4724698838147446,1.223328106930067,0.6055702365950402,0.1813082709311855,0.421260017607117,6.783247973358522,core_surface,,,,,60,event,0.5,3,100000.0,0.0025,0.01,True
B3_w50__weight60,B3_w50,diagnostics,2021,2021-01-04,2021-12-31,252,0.4496802555574359,-0.2408922608163582,1.1174696718598196,0.4496802555574359,0.2861550585808201,0.1635251969766158,7.212380138713425,core_surface,,,,,60,event,0.5,3,100000.0,0.0025,0.01,True
B3_w50__weight60,B3_w50,diagnostics,2022,2022-01-03,2022-12-30,251,-0.2173995560293408,-0.2815338634982214,-0.4467445505333874,-0.2166379110565377,-0.180528833522089,-0.0368707225072517,8.094377649869463,core_surface,,,,,60,event,0.5,3,100000.0,0.0025,0.01,True
B3_w50__weight60,B3_w50,diagnostics,2023,2023-01-03,2023-12-29,250,0.4335147656816431,-0.3389705955579319,1.1188480340392184,0.4294233877827074,0.2494116142532503,0.1841031514283928,9.049287182948474,core_surface,,,,,60,event,0.5,3,100000.0,0.0025,0.01,True
B3_w50__weight60,B3_w50,diagnostics,2024,2024-01-02,2024-12-31,252,0.3906177564511588,-0.2301515300692561,1.03426795158589,0.3906177564511588,0.2643074461050603,0.1263103103460985,9.010919658321734,core_surface,,,,,60,event,0.5,3,100000.0,0.0025,0.01,True
B3_w50__weight60,B3_w50,diagnostics,2025,2025-01-02,2025-12-31,250,0.2622153829350615,-0.4444353022608689,0.7235707924446348,0.2598847587224782,0.1785790013706134,0.083636381564448,7.334760729882643,core_surface,,,,,60,event,0.5,3,100000.0,0.0025,0.01,True
B3_w50__weight60,B3_w50,diagnostics,2026,2026-01-02,2026-09-22,181,-0.1827685592772138,-0.3319165079703841,-0.2260021176351842,-0.1349494308183503,0.193982242745804,-0.3767508020230178,13.246711099320148,core_surface,,,,,60,event,0.5,3,100000.0,0.0025,0.01,True
