basis,inSampleBlocks,winners,ties,oosRelativeRank,logit,pboMass,legacyBelowMedianMass
simple_return_sharpe,0|1|2|3|4,B3_w50,1,0.1,-2.197224577336219,1.0,1.0
simple_return_sharpe,0|1|2|3|5,B3_w50,1,0.1,-2.197224577336219,1.0,1.0
simple_return_sharpe,0|1|2|3|6,B3_w50,1,0.1,-2.197224577336219,1.0,1.0
simple_return_sharpe,0|1|2|3|7,B3_w55,1,0.4,-0.4054651081081643,1.0,1.0
simple_return_sharpe,0|1|2|3|8,A2_quarter,1,0.4,-0.4054651081081643,1.0,1.0
simple_return_sharpe,0|1|2|3|9,B3_w50,1,0.1,-2.197224577336219,1.0,1.0
simple_return_sharpe,0|1|2|4|5,B3_w55,1,0.6,0.4054651081081642,0.0,0.0
simple_return_sharpe,0|1|2|4|6,B3_w55,1,0.6,0.4054651081081642,0.0,0.0
simple_return_sharpe,0|1|2|4|7,B3_w55,1,0.4,-0.4054651081081643,1.0,1.0
simple_return_sharpe,0|1|2|4|8,A2_quarter,1,0.3,-0.8472978603872036,1.0,1.0
simple_return_sharpe,0|1|2|4|9,B3_w55,1,0.5,0.0,1.0,0.0
simple_return_sharpe,0|1|2|5|6,B3_w55,1,0.8,1.3862943611198908,0.0,0.0
simple_return_sharpe,0|1|2|5|7,B3_w55,1,0.5,0.0,1.0,0.0
simple_return_sharpe,0|1|2|5|8,A2_quarter,1,0.4,-0.4054651081081643,1.0,1.0
simple_return_sharpe,0|1|2|5|9,B3_w55,1,0.6,0.4054651081081642,0.0,0.0
simple_return_sharpe,0|1|2|6|7,B3_w55,1,0.6,0.4054651081081642,0.0,0.0
simple_return_sharpe,0|1|2|6|8,A2_quarter,1,0.4,-0.4054651081081643,1.0,1.0
simple_return_sharpe,0|1|2|6|9,B3_w55,1,0.8,1.3862943611198908,0.0,0.0
simple_return_sharpe,0|1|2|7|8,A2_quarter,1,0.3,-0.8472978603872036,1.0,1.0
simple_return_sharpe,0|1|2|7|9,B3_w55,1,0.4,-0.4054651081081643,1.0,1.0
simple_return_sharpe,0|1|2|8|9,A2_quarter,1,0.4,-0.4054651081081643,1.0,1.0
simple_return_sharpe,0|1|3|4|5,B3_w50,1,0.1,-2.197224577336219,1.0,1.0
simple_return_sharpe,0|1|3|4|6,B3_w50,1,0.1,-2.197224577336219,1.0,1.0
simple_return_sharpe,0|1|3|4|7,B3_w55,1,0.4,-0.4054651081081643,1.0,1.0
simple_return_sharpe,0|1|3|4|8,B3_w55,1,0.9,2.1972245773362196,0.0,0.0
simple_return_sharpe,0|1|3|4|9,B3_w55,1,0.3,-0.8472978603872036,1.0,1.0
simple_return_sharpe,0|1|3|5|6,B3_w50,1,0.1,-2.197224577336219,1.0,1.0
simple_return_sharpe,0|1|3|5|7,B3_w55,1,0.4,-0.4054651081081643,1.0,1.0
simple_return_sharpe,0|1|3|5|8,A2_quarter,1,0.5,0.0,1.0,0.0
simple_return_sharpe,0|1|3|5|9,B3_w55,1,0.3,-0.8472978603872036,1.0,1.0
simple_return_sharpe,0|1|3|6|7,B3_w55,1,0.4,-0.4054651081081643,1.0,1.0
simple_return_sharpe,0|1|3|6|8,A2_quarter,1,0.7,0.8472978603872034,0.0,0.0
simple_return_sharpe,0|1|3|6|9,B3_w55,1,0.5,0.0,1.0,0.0
simple_return_sharpe,0|1|3|7|8,B3_w55,1,0.6,0.4054651081081642,0.0,0.0
simple_return_sharpe,0|1|3|7|9,B3_w55,1,0.3,-0.8472978603872036,1.0,1.0
simple_return_sharpe,0|1|3|8|9,A2_quarter,1,0.4,-0.4054651081081643,1.0,1.0
simple_return_sharpe,0|1|4|5|6,B3_w55,1,0.5,0.0,1.0,0.0
simple_return_sharpe,0|1|4|5|7,B3_w55,1,0.4,-0.4054651081081643,1.0,1.0
simple_return_sharpe,0|1|4|5|8,A2_quarter,1,0.6,0.4054651081081642,0.0,0.0
simple_return_sharpe,0|1|4|5|9,B3_w55,1,0.3,-0.8472978603872036,1.0,1.0
simple_return_sharpe,0|1|4|6|7,B3_w55,1,0.4,-0.4054651081081643,1.0,1.0
simple_return_sharpe,0|1|4|6|8,A2_quarter,1,0.8,1.3862943611198908,0.0,0.0
simple_return_sharpe,0|1|4|6|9,B3_w55,1,0.6,0.4054651081081642,0.0,0.0
simple_return_sharpe,0|1|4|7|8,B3_w55,1,0.6,0.4054651081081642,0.0,0.0
simple_return_sharpe,0|1|4|7|9,B3_w55,1,0.3,-0.8472978603872036,1.0,1.0
simple_return_sharpe,0|1|4|8|9,A2_quarter,1,0.5,0.0,1.0,0.0
simple_return_sharpe,0|1|5|6|7,B3_w55,1,0.4,-0.4054651081081643,1.0,1.0
simple_return_sharpe,0|1|5|6|8,A2_quarter,1,0.8,1.3862943611198908,0.0,0.0
simple_return_sharpe,0|1|5|6|9,B3_w55,1,0.5,0.0,1.0,0.0
simple_return_sharpe,0|1|5|7|8,A2_quarter,1,0.3,-0.8472978603872036,1.0,1.0
simple_return_sharpe,0|1|5|7|9,B3_w55,1,0.3,-0.8472978603872036,1.0,1.0
simple_return_sharpe,0|1|5|8|9,A2_quarter,1,0.3,-0.8472978603872036,1.0,1.0
simple_return_sharpe,0|1|6|7|8,A2_quarter,1,0.3,-0.8472978603872036,1.0,1.0
simple_return_sharpe,0|1|6|7|9,B3_w55,1,0.4,-0.4054651081081643,1.0,1.0
simple_return_sharpe,0|1|6|8|9,A2_quarter,1,0.5,0.0,1.0,0.0
simple_return_sharpe,0|1|7|8|9,A2_quarter,1,0.3,-0.8472978603872036,1.0,1.0
simple_return_sharpe,0|2|3|4|5,B3_w50,1,0.1,-2.197224577336219,1.0,1.0
simple_return_sharpe,0|2|3|4|6,B3_w50,1,0.1,-2.197224577336219,1.0,1.0
simple_return_sharpe,0|2|3|4|7,B3_w55,1,0.4,-0.4054651081081643,1.0,1.0
simple_return_sharpe,0|2|3|4|8,A2_quarter,1,0.7,0.8472978603872034,0.0,0.0
simple_return_sharpe,0|2|3|4|9,B3_w55,1,0.4,-0.4054651081081643,1.0,1.0
simple_return_sharpe,0|2|3|5|6,B3_w50,1,0.1,-2.197224577336219,1.0,1.0
simple_return_sharpe,0|2|3|5|7,B3_w55,1,0.4,-0.4054651081081643,1.0,1.0
simple_return_sharpe,0|2|3|5|8,A2_quarter,1,0.8,1.3862943611198908,0.0,0.0
simple_return_sharpe,0|2|3|5|9,B3_w55,1,0.5,0.0,1.0,0.0
simple_return_sharpe,0|2|3|6|7,B3_w55,1,0.5,0.0,1.0,0.0
simple_return_sharpe,0|2|3|6|8,A2_quarter,1,0.8,1.3862943611198908,0.0,0.0
simple_return_sharpe,0|2|3|6|9,B3_w55,1,0.8,1.3862943611198908,0.0,0.0
simple_return_sharpe,0|2|3|7|8,A2_quarter,1,0.4,-0.4054651081081643,1.0,1.0
simple_return_sharpe,0|2|3|7|9,B3_w55,1,0.3,-0.8472978603872036,1.0,1.0
simple_return_sharpe,0|2|3|8|9,A2_quarter,1,0.6,0.4054651081081642,0.0,0.0
simple_return_sharpe,0|2|4|5|6,B3_w55,1,0.8,1.3862943611198908,0.0,0.0
simple_return_sharpe,0|2|4|5|7,B3_w55,1,0.4,-0.4054651081081643,1.0,1.0
simple_return_sharpe,0|2|4|5|8,A2_quarter,1,0.7,0.8472978603872034,0.0,0.0
simple_return_sharpe,0|2|4|5|9,B3_w55,1,0.5,0.0,1.0,0.0
simple_return_sharpe,0|2|4|6|7,B3_w55,1,0.5,0.0,1.0,0.0
simple_return_sharpe,0|2|4|6|8,A0_quarter,1,0.5,0.0,1.0,0.0
simple_return_sharpe,0|2|4|6|9,B3_w55,1,0.8,1.3862943611198908,0.0,0.0
simple_return_sharpe,0|2|4|7|8,A2_quarter,1,0.3,-0.8472978603872036,1.0,1.0
simple_return_sharpe,0|2|4|7|9,B3_w55,1,0.4,-0.4054651081081643,1.0,1.0
simple_return_sharpe,0|2|4|8|9,A2_quarter,1,0.6,0.4054651081081642,0.0,0.0
simple_return_sharpe,0|2|5|6|7,B3_w55,1,0.6,0.4054651081081642,0.0,0.0
simple_return_sharpe,0|2|5|6|8,A2_quarter,1,0.6,0.4054651081081642,0.0,0.0
simple_return_sharpe,0|2|5|6|9,B3_w55,1,0.9,2.1972245773362196,0.0,0.0
simple_return_sharpe,0|2|5|7|8,A2_quarter,1,0.4,-0.4054651081081643,1.0,1.0
simple_return_sharpe,0|2|5|7|9,B3_w55,1,0.5,0.0,1.0,0.0
simple_return_sharpe,0|2|5|8|9,A2_quarter,1,0.6,0.4054651081081642,0.0,0.0
simple_return_sharpe,0|2|6|7|8,A2_quarter,1,0.5,0.0,1.0,0.0
simple_return_sharpe,0|2|6|7|9,B3_w55,1,0.7,0.8472978603872034,0.0,0.0
simple_return_sharpe,0|2|6|8|9,A2_quarter,1,0.6,0.4054651081081642,0.0,0.0
simple_return_sharpe,0|2|7|8|9,A2_quarter,1,0.3,-0.8472978603872036,1.0,1.0
simple_return_sharpe,0|3|4|5|6,B3_w50,1,0.1,-2.197224577336219,1.0,1.0
simple_return_sharpe,0|3|4|5|7,B3_w55,1,0.3,-0.8472978603872036,1.0,1.0
simple_return_sharpe,0|3|4|5|8,B3_w55,1,0.7,0.8472978603872034,0.0,0.0
simple_return_sharpe,0|3|4|5|9,B3_w55,1,0.2,-1.3862943611198906,1.0,1.0
simple_return_sharpe,0|3|4|6|7,B3_w55,1,0.4,-0.4054651081081643,1.0,1.0
simple_return_sharpe,0|3|4|6|8,B3_beta60d3,1,0.3,-0.8472978603872036,1.0,1.0
simple_return_sharpe,0|3|4|6|9,B3_w55,1,0.5,0.0,1.0,0.0
simple_return_sharpe,0|3|4|7|8,B3_w55,1,0.4,-0.4054651081081643,1.0,1.0
simple_return_sharpe,0|3|4|7|9,B3_w55,1,0.2,-1.3862943611198906,1.0,1.0
simple_return_sharpe,0|3|4|8|9,B3_w55,1,0.8,1.3862943611198908,0.0,0.0
simple_return_sharpe,0|3|5|6|7,B3_w55,1,0.4,-0.4054651081081643,1.0,1.0
simple_return_sharpe,0|3|5|6|8,B3_beta60d3,1,0.3,-0.8472978603872036,1.0,1.0
simple_return_sharpe,0|3|5|6|9,B3_w55,1,0.5,0.0,1.0,0.0
simple_return_sharpe,0|3|5|7|8,B3_w55,1,0.9,2.1972245773362196,0.0,0.0
simple_return_sharpe,0|3|5|7|9,B3_w55,1,0.2,-1.3862943611198906,1.0,1.0
simple_return_sharpe,0|3|5|8|9,B3_w55,1,0.9,2.1972245773362196,0.0,0.0
simple_return_sharpe,0|3|6|7|8,B3_w55,1,0.9,2.1972245773362196,0.0,0.0
simple_return_sharpe,0|3|6|7|9,B3_w55,1,0.4,-0.4054651081081643,1.0,1.0
simple_return_sharpe,0|3|6|8|9,A0_bimonth,1,0.2,-1.3862943611198906,1.0,1.0
simple_return_sharpe,0|3|7|8|9,B3_w55,1,0.9,2.1972245773362196,0.0,0.0
simple_return_sharpe,0|4|5|6|7,B3_w55,1,0.4,-0.4054651081081643,1.0,1.0
simple_return_sharpe,0|4|5|6|8,A0_quarter,1,0.2,-1.3862943611198906,1.0,1.0
simple_return_sharpe,0|4|5|6|9,B3_w55,1,0.5,0.0,1.0,0.0
simple_return_sharpe,0|4|5|7|8,B3_w55,1,0.9,2.1972245773362196,0.0,0.0
simple_return_sharpe,0|4|5|7|9,B3_w55,1,0.2,-1.3862943611198906,1.0,1.0
simple_return_sharpe,0|4|5|8|9,A0_quarter,1,0.2,-1.3862943611198906,1.0,1.0
simple_return_sharpe,0|4|6|7|8,B3_w55,1,0.9,2.1972245773362196,0.0,0.0
simple_return_sharpe,0|4|6|7|9,B3_w55,1,0.3,-0.8472978603872036,1.0,1.0
simple_return_sharpe,0|4|6|8|9,A0_bimonth,1,0.2,-1.3862943611198906,1.0,1.0
simple_return_sharpe,0|4|7|8|9,B3_w55,1,0.7,0.8472978603872034,0.0,0.0
simple_return_sharpe,0|5|6|7|8,A2_quarter,1,0.7,0.8472978603872034,0.0,0.0
simple_return_sharpe,0|5|6|7|9,B3_w55,1,0.4,-0.4054651081081643,1.0,1.0
simple_return_sharpe,0|5|6|8|9,A0_quarter,1,0.3,-0.8472978603872036,1.0,1.0
simple_return_sharpe,0|5|7|8|9,A2_quarter,1,0.5,0.0,1.0,0.0
simple_return_sharpe,0|6|7|8|9,A2_quarter,1,0.6,0.4054651081081642,0.0,0.0
simple_return_sharpe,1|2|3|4|5,B3_w50,1,0.1,-2.197224577336219,1.0,1.0
simple_return_sharpe,1|2|3|4|6,B3_beta60d3,1,0.3,-0.8472978603872036,1.0,1.0
simple_return_sharpe,1|2|3|4|7,B3_w55,1,0.4,-0.4054651081081643,1.0,1.0
simple_return_sharpe,1|2|3|4|8,A2_quarter,1,0.7,0.8472978603872034,0.0,0.0
simple_return_sharpe,1|2|3|4|9,B3_w55,1,0.7,0.8472978603872034,0.0,0.0
simple_return_sharpe,1|2|3|5|6,B3_beta60d3,1,0.3,-0.8472978603872036,1.0,1.0
simple_return_sharpe,1|2|3|5|7,B3_w55,1,0.6,0.4054651081081642,0.0,0.0
simple_return_sharpe,1|2|3|5|8,A2_quarter,1,0.6,0.4054651081081642,0.0,0.0
simple_return_sharpe,1|2|3|5|9,B3_w55,1,0.9,2.1972245773362196,0.0,0.0
simple_return_sharpe,1|2|3|6|7,B3_beta60d3,1,0.3,-0.8472978603872036,1.0,1.0
simple_return_sharpe,1|2|3|6|8,A2_quarter,1,0.7,0.8472978603872034,0.0,0.0
simple_return_sharpe,1|2|3|6|9,B3_w55,1,0.9,2.1972245773362196,0.0,0.0
simple_return_sharpe,1|2|3|7|8,A2_quarter,1,0.3,-0.8472978603872036,1.0,1.0
simple_return_sharpe,1|2|3|7|9,B3_w55,1,0.6,0.4054651081081642,0.0,0.0
simple_return_sharpe,1|2|3|8|9,A2_quarter,1,0.5,0.0,1.0,0.0
simple_return_sharpe,1|2|4|5|6,B3_w55,1,0.9,2.1972245773362196,0.0,0.0
simple_return_sharpe,1|2|4|5|7,B3_w55,1,0.6,0.4054651081081642,0.0,0.0
simple_return_sharpe,1|2|4|5|8,A2_quarter,1,0.6,0.4054651081081642,0.0,0.0
simple_return_sharpe,1|2|4|5|9,B3_w55,1,0.9,2.1972245773362196,0.0,0.0
simple_return_sharpe,1|2|4|6|7,B3_w55,1,0.9,2.1972245773362196,0.0,0.0
simple_return_sharpe,1|2|4|6|8,A0_bimonth,1,0.2,-1.3862943611198906,1.0,1.0
simple_return_sharpe,1|2|4|6|9,B3_w55,1,0.9,2.1972245773362196,0.0,0.0
simple_return_sharpe,1|2|4|7|8,A2_quarter,1,0.3,-0.8472978603872036,1.0,1.0
simple_return_sharpe,1|2|4|7|9,B3_w55,1,0.5,0.0,1.0,0.0
simple_return_sharpe,1|2|4|8|9,A2_quarter,1,0.6,0.4054651081081642,0.0,0.0
simple_return_sharpe,1|2|5|6|7,B3_beta60d3,1,0.2,-1.3862943611198906,1.0,1.0
simple_return_sharpe,1|2|5|6|8,A0_quarter,1,0.4,-0.4054651081081643,1.0,1.0
simple_return_sharpe,1|2|5|6|9,A0_event,1,0.1,-2.197224577336219,1.0,1.0
simple_return_sharpe,1|2|5|7|8,A2_quarter,1,0.5,0.0,1.0,0.0
simple_return_sharpe,1|2|5|7|9,B3_w55,1,0.8,1.3862943611198908,0.0,0.0
simple_return_sharpe,1|2|5|8|9,A2_quarter,1,0.6,0.4054651081081642,0.0,0.0
simple_return_sharpe,1|2|6|7|8,A2_quarter,1,0.4,-0.4054651081081643,1.0,1.0
simple_return_sharpe,1|2|6|7|9,A2_quarter,1,0.5,0.0,1.0,0.0
simple_return_sharpe,1|2|6|8|9,A0_bimonth,1,0.2,-1.3862943611198906,1.0,1.0
simple_return_sharpe,1|2|7|8|9,A2_quarter,1,0.4,-0.4054651081081643,1.0,1.0
simple_return_sharpe,1|3|4|5|6,B3_beta60d3,1,0.2,-1.3862943611198906,1.0,1.0
simple_return_sharpe,1|3|4|5|7,B3_w55,1,0.4,-0.4054651081081643,1.0,1.0
simple_return_sharpe,1|3|4|5|8,A0_quarter,1,0.3,-0.8472978603872036,1.0,1.0
simple_return_sharpe,1|3|4|5|9,B3_w55,1,0.5,0.0,1.0,0.0
simple_return_sharpe,1|3|4|6|7,B3_beta60d3,1,0.2,-1.3862943611198906,1.0,1.0
simple_return_sharpe,1|3|4|6|8,A0_quarter,1,0.6,0.4054651081081642,0.0,0.0
simple_return_sharpe,1|3|4|6|9,B3_w55,1,0.7,0.8472978603872034,0.0,0.0
simple_return_sharpe,1|3|4|7|8,B3_w55,1,0.9,2.1972245773362196,0.0,0.0
simple_return_sharpe,1|3|4|7|9,B3_w55,1,0.3,-0.8472978603872036,1.0,1.0
simple_return_sharpe,1|3|4|8|9,A0_quarter,1,0.3,-0.8472978603872036,1.0,1.0
simple_return_sharpe,1|3|5|6|7,B3_beta60d3,1,0.1,-2.197224577336219,1.0,1.0
simple_return_sharpe,1|3|5|6|8,A0_quarter,1,0.2,-1.3862943611198906,1.0,1.0
simple_return_sharpe,1|3|5|6|9,B3_w55,1,0.7,0.8472978603872034,0.0,0.0
simple_return_sharpe,1|3|5|7|8,A2_quarter,1,0.6,0.4054651081081642,0.0,0.0
simple_return_sharpe,1|3|5|7|9,B3_w55,1,0.4,-0.4054651081081643,1.0,1.0
simple_return_sharpe,1|3|5|8|9,A0_quarter,1,0.2,-1.3862943611198906,1.0,1.0
simple_return_sharpe,1|3|6|7|8,A2_quarter,1,0.7,0.8472978603872034,0.0,0.0
simple_return_sharpe,1|3|6|7|9,B3_w55,1,0.5,0.0,1.0,0.0
simple_return_sharpe,1|3|6|8|9,A0_bimonth,1,0.2,-1.3862943611198906,1.0,1.0
simple_return_sharpe,1|3|7|8|9,A2_quarter,1,0.5,0.0,1.0,0.0
simple_return_sharpe,1|4|5|6|7,B3_w55,1,0.5,0.0,1.0,0.0
simple_return_sharpe,1|4|5|6|8,A0_quarter,1,0.2,-1.3862943611198906,1.0,1.0
simple_return_sharpe,1|4|5|6|9,B3_w55,1,0.8,1.3862943611198908,0.0,0.0
simple_return_sharpe,1|4|5|7|8,A2_quarter,1,0.6,0.4054651081081642,0.0,0.0
simple_return_sharpe,1|4|5|7|9,B3_w55,1,0.2,-1.3862943611198906,1.0,1.0
simple_return_sharpe,1|4|5|8|9,A0_quarter,1,0.2,-1.3862943611198906,1.0,1.0
simple_return_sharpe,1|4|6|7|8,A2_quarter,1,0.7,0.8472978603872034,0.0,0.0
simple_return_sharpe,1|4|6|7|9,B3_w55,1,0.7,0.8472978603872034,0.0,0.0
simple_return_sharpe,1|4|6|8|9,A0_bimonth,1,0.2,-1.3862943611198906,1.0,1.0
simple_return_sharpe,1|4|7|8|9,A2_quarter,1,0.5,0.0,1.0,0.0
simple_return_sharpe,1|5|6|7|8,A2_quarter,1,0.6,0.4054651081081642,0.0,0.0
simple_return_sharpe,1|5|6|7|9,B3_w55,1,0.7,0.8472978603872034,0.0,0.0
simple_return_sharpe,1|5|6|8|9,A0_quarter,1,0.3,-0.8472978603872036,1.0,1.0
simple_return_sharpe,1|5|7|8|9,A2_quarter,1,0.5,0.0,1.0,0.0
simple_return_sharpe,1|6|7|8|9,A2_quarter,1,0.6,0.4054651081081642,0.0,0.0
simple_return_sharpe,2|3|4|5|6,B3_beta60d3,1,0.2,-1.3862943611198906,1.0,1.0
simple_return_sharpe,2|3|4|5|7,B3_w55,1,0.5,0.0,1.0,0.0
simple_return_sharpe,2|3|4|5|8,A0_quarter,1,0.2,-1.3862943611198906,1.0,1.0
simple_return_sharpe,2|3|4|5|9,B3_w55,1,0.7,0.8472978603872034,0.0,0.0
simple_return_sharpe,2|3|4|6|7,B3_beta60d3,1,0.3,-0.8472978603872036,1.0,1.0
simple_return_sharpe,2|3|4|6|8,A0_quarter,1,0.4,-0.4054651081081643,1.0,1.0
simple_return_sharpe,2|3|4|6|9,B3_w55,1,0.8,1.3862943611198908,0.0,0.0
simple_return_sharpe,2|3|4|7|8,A0_quarter,1,0.2,-1.3862943611198906,1.0,1.0
simple_return_sharpe,2|3|4|7|9,B3_w55,1,0.3,-0.8472978603872036,1.0,1.0
simple_return_sharpe,2|3|4|8|9,A0_quarter,1,0.3,-0.8472978603872036,1.0,1.0
simple_return_sharpe,2|3|5|6|7,B3_beta60d3,1,0.1,-2.197224577336219,1.0,1.0
simple_return_sharpe,2|3|5|6|8,A0_quarter,1,0.2,-1.3862943611198906,1.0,1.0
simple_return_sharpe,2|3|5|6|9,A0_quarter,1,0.5,0.0,1.0,0.0
simple_return_sharpe,2|3|5|7|8,A0_quarter,1,0.2,-1.3862943611198906,1.0,1.0
simple_return_sharpe,2|3|5|7|9,B3_w55,1,0.7,0.8472978603872034,0.0,0.0
simple_return_sharpe,2|3|5|8|9,A0_quarter,1,0.2,-1.3862943611198906,1.0,1.0
simple_return_sharpe,2|3|6|7|8,A0_quarter,1,0.3,-0.8472978603872036,1.0,1.0
simple_return_sharpe,2|3|6|7|9,B3_w55,1,0.8,1.3862943611198908,0.0,0.0
simple_return_sharpe,2|3|6|8|9,A0_bimonth,1,0.2,-1.3862943611198906,1.0,1.0
simple_return_sharpe,2|3|7|8|9,A2_quarter,1,0.5,0.0,1.0,0.0
simple_return_sharpe,2|4|5|6|7,B3_w55,1,0.8,1.3862943611198908,0.0,0.0
simple_return_sharpe,2|4|5|6|8,A0_quarter,1,0.2,-1.3862943611198906,1.0,1.0
simple_return_sharpe,2|4|5|6|9,A0_quarter,1,0.4,-0.4054651081081643,1.0,1.0
simple_return_sharpe,2|4|5|7|8,A0_quarter,1,0.2,-1.3862943611198906,1.0,1.0
simple_return_sharpe,2|4|5|7|9,B3_w55,1,0.7,0.8472978603872034,0.0,0.0
simple_return_sharpe,2|4|5|8|9,A0_quarter,1,0.2,-1.3862943611198906,1.0,1.0
simple_return_sharpe,2|4|6|7|8,A0_quarter,1,0.3,-0.8472978603872036,1.0,1.0
simple_return_sharpe,2|4|6|7|9,B3_w55,1,0.8,1.3862943611198908,0.0,0.0
simple_return_sharpe,2|4|6|8|9,A0_bimonth,1,0.1,-2.197224577336219,1.0,1.0
simple_return_sharpe,2|4|7|8|9,A0_quarter,1,0.2,-1.3862943611198906,1.0,1.0
simple_return_sharpe,2|5|6|7|8,A0_quarter,1,0.2,-1.3862943611198906,1.0,1.0
simple_return_sharpe,2|5|6|7|9,B3_w55,1,0.9,2.1972245773362196,0.0,0.0
simple_return_sharpe,2|5|6|8|9,A0_quarter,1,0.3,-0.8472978603872036,1.0,1.0
simple_return_sharpe,2|5|7|8|9,A0_quarter,1,0.2,-1.3862943611198906,1.0,1.0
simple_return_sharpe,2|6|7|8|9,A0_bimonth,1,0.1,-2.197224577336219,1.0,1.0
simple_return_sharpe,3|4|5|6|7,B3_beta60d3,1,0.1,-2.197224577336219,1.0,1.0
simple_return_sharpe,3|4|5|6|8,A0_quarter,1,0.2,-1.3862943611198906,1.0,1.0
simple_return_sharpe,3|4|5|6|9,B3_w55,1,0.7,0.8472978603872034,0.0,0.0
simple_return_sharpe,3|4|5|7|8,A0_quarter,1,0.2,-1.3862943611198906,1.0,1.0
simple_return_sharpe,3|4|5|7|9,B3_w55,1,0.3,-0.8472978603872036,1.0,1.0
simple_return_sharpe,3|4|5|8|9,A0_quarter,1,0.2,-1.3862943611198906,1.0,1.0
simple_return_sharpe,3|4|6|7|8,A0_quarter,1,0.3,-0.8472978603872036,1.0,1.0
simple_return_sharpe,3|4|6|7|9,B3_w55,1,0.5,0.0,1.0,0.0
simple_return_sharpe,3|4|6|8|9,A0_quarter,1,0.3,-0.8472978603872036,1.0,1.0
simple_return_sharpe,3|4|7|8|9,A0_quarter,1,0.1,-2.197224577336219,1.0,1.0
simple_return_sharpe,3|5|6|7|8,A0_quarter,1,0.2,-1.3862943611198906,1.0,1.0
simple_return_sharpe,3|5|6|7|9,B3_w55,1,0.7,0.8472978603872034,0.0,0.0
simple_return_sharpe,3|5|6|8|9,A0_quarter,1,0.2,-1.3862943611198906,1.0,1.0
simple_return_sharpe,3|5|7|8|9,A0_quarter,1,0.2,-1.3862943611198906,1.0,1.0
simple_return_sharpe,3|6|7|8|9,A0_quarter,1,0.2,-1.3862943611198906,1.0,1.0
simple_return_sharpe,4|5|6|7|8,A0_quarter,1,0.2,-1.3862943611198906,1.0,1.0
simple_return_sharpe,4|5|6|7|9,B3_w55,1,0.6,0.4054651081081642,0.0,0.0
simple_return_sharpe,4|5|6|8|9,A0_quarter,1,0.2,-1.3862943611198906,1.0,1.0
simple_return_sharpe,4|5|7|8|9,A0_quarter,1,0.2,-1.3862943611198906,1.0,1.0
simple_return_sharpe,4|6|7|8|9,A0_quarter,1,0.2,-1.3862943611198906,1.0,1.0
simple_return_sharpe,5|6|7|8|9,A0_quarter,1,0.2,-1.3862943611198906,1.0,1.0
log_return_sharpe_legacy,0|1|2|3|4,B3_w50,1,0.1,-2.197224577336219,1.0,1.0
log_return_sharpe_legacy,0|1|2|3|5,B3_w50,1,0.1,-2.197224577336219,1.0,1.0
log_return_sharpe_legacy,0|1|2|3|6,B3_w50,1,0.1,-2.197224577336219,1.0,1.0
log_return_sharpe_legacy,0|1|2|3|7,B3_w55,1,0.4,-0.4054651081081643,1.0,1.0
log_return_sharpe_legacy,0|1|2|3|8,A2_quarter,1,0.4,-0.4054651081081643,1.0,1.0
log_return_sharpe_legacy,0|1|2|3|9,B3_w50,1,0.1,-2.197224577336219,1.0,1.0
log_return_sharpe_legacy,0|1|2|4|5,B3_w55,1,0.6,0.4054651081081642,0.0,0.0
log_return_sharpe_legacy,0|1|2|4|6,B3_w55,1,0.7,0.8472978603872034,0.0,0.0
log_return_sharpe_legacy,0|1|2|4|7,B3_w55,1,0.5,0.0,1.0,0.0
log_return_sharpe_legacy,0|1|2|4|8,A2_quarter,1,0.3,-0.8472978603872036,1.0,1.0
log_return_sharpe_legacy,0|1|2|4|9,B3_w55,1,0.5,0.0,1.0,0.0
log_return_sharpe_legacy,0|1|2|5|6,B3_w55,1,0.8,1.3862943611198908,0.0,0.0
log_return_sharpe_legacy,0|1|2|5|7,B3_w55,1,0.5,0.0,1.0,0.0
log_return_sharpe_legacy,0|1|2|5|8,A2_quarter,1,0.4,-0.4054651081081643,1.0,1.0
log_return_sharpe_legacy,0|1|2|5|9,B3_w55,1,0.6,0.4054651081081642,0.0,0.0
log_return_sharpe_legacy,0|1|2|6|7,B3_w55,1,0.6,0.4054651081081642,0.0,0.0
log_return_sharpe_legacy,0|1|2|6|8,A2_quarter,1,0.4,-0.4054651081081643,1.0,1.0
log_return_sharpe_legacy,0|1|2|6|9,B3_w55,1,0.9,2.1972245773362196,0.0,0.0
log_return_sharpe_legacy,0|1|2|7|8,A2_quarter,1,0.3,-0.8472978603872036,1.0,1.0
log_return_sharpe_legacy,0|1|2|7|9,B3_w55,1,0.4,-0.4054651081081643,1.0,1.0
log_return_sharpe_legacy,0|1|2|8|9,A2_quarter,1,0.4,-0.4054651081081643,1.0,1.0
log_return_sharpe_legacy,0|1|3|4|5,B3_w50,1,0.1,-2.197224577336219,1.0,1.0
log_return_sharpe_legacy,0|1|3|4|6,B3_w50,1,0.1,-2.197224577336219,1.0,1.0
log_return_sharpe_legacy,0|1|3|4|7,B3_w55,1,0.4,-0.4054651081081643,1.0,1.0
log_return_sharpe_legacy,0|1|3|4|8,B3_w55,1,0.9,2.1972245773362196,0.0,0.0
log_return_sharpe_legacy,0|1|3|4|9,B3_w55,1,0.3,-0.8472978603872036,1.0,1.0
log_return_sharpe_legacy,0|1|3|5|6,B3_w50,1,0.1,-2.197224577336219,1.0,1.0
log_return_sharpe_legacy,0|1|3|5|7,B3_w55,1,0.4,-0.4054651081081643,1.0,1.0
log_return_sharpe_legacy,0|1|3|5|8,B3_w55,1,0.9,2.1972245773362196,0.0,0.0
log_return_sharpe_legacy,0|1|3|5|9,B3_w55,1,0.4,-0.4054651081081643,1.0,1.0
log_return_sharpe_legacy,0|1|3|6|7,B3_w55,1,0.4,-0.4054651081081643,1.0,1.0
log_return_sharpe_legacy,0|1|3|6|8,A2_quarter,1,0.7,0.8472978603872034,0.0,0.0
log_return_sharpe_legacy,0|1|3|6|9,B3_w55,1,0.5,0.0,1.0,0.0
log_return_sharpe_legacy,0|1|3|7|8,B3_w55,1,0.6,0.4054651081081642,0.0,0.0
log_return_sharpe_legacy,0|1|3|7|9,B3_w55,1,0.3,-0.8472978603872036,1.0,1.0
log_return_sharpe_legacy,0|1|3|8|9,A2_quarter,1,0.4,-0.4054651081081643,1.0,1.0
log_return_sharpe_legacy,0|1|4|5|6,B3_w55,1,0.5,0.0,1.0,0.0
log_return_sharpe_legacy,0|1|4|5|7,B3_w55,1,0.4,-0.4054651081081643,1.0,1.0
log_return_sharpe_legacy,0|1|4|5|8,A2_quarter,1,0.7,0.8472978603872034,0.0,0.0
log_return_sharpe_legacy,0|1|4|5|9,B3_w55,1,0.3,-0.8472978603872036,1.0,1.0
log_return_sharpe_legacy,0|1|4|6|7,B3_w55,1,0.4,-0.4054651081081643,1.0,1.0
log_return_sharpe_legacy,0|1|4|6|8,A2_quarter,1,0.8,1.3862943611198908,0.0,0.0
log_return_sharpe_legacy,0|1|4|6|9,B3_w55,1,0.6,0.4054651081081642,0.0,0.0
log_return_sharpe_legacy,0|1|4|7|8,B3_w55,1,0.6,0.4054651081081642,0.0,0.0
log_return_sharpe_legacy,0|1|4|7|9,B3_w55,1,0.3,-0.8472978603872036,1.0,1.0
log_return_sharpe_legacy,0|1|4|8|9,A2_quarter,1,0.5,0.0,1.0,0.0
log_return_sharpe_legacy,0|1|5|6|7,B3_w55,1,0.4,-0.4054651081081643,1.0,1.0
log_return_sharpe_legacy,0|1|5|6|8,A2_quarter,1,0.8,1.3862943611198908,0.0,0.0
log_return_sharpe_legacy,0|1|5|6|9,B3_w55,1,0.5,0.0,1.0,0.0
log_return_sharpe_legacy,0|1|5|7|8,A2_quarter,1,0.3,-0.8472978603872036,1.0,1.0
log_return_sharpe_legacy,0|1|5|7|9,B3_w55,1,0.3,-0.8472978603872036,1.0,1.0
log_return_sharpe_legacy,0|1|5|8|9,A2_quarter,1,0.3,-0.8472978603872036,1.0,1.0
log_return_sharpe_legacy,0|1|6|7|8,A2_quarter,1,0.3,-0.8472978603872036,1.0,1.0
log_return_sharpe_legacy,0|1|6|7|9,B3_w55,1,0.4,-0.4054651081081643,1.0,1.0
log_return_sharpe_legacy,0|1|6|8|9,A2_quarter,1,0.5,0.0,1.0,0.0
log_return_sharpe_legacy,0|1|7|8|9,A2_quarter,1,0.3,-0.8472978603872036,1.0,1.0
log_return_sharpe_legacy,0|2|3|4|5,B3_w50,1,0.1,-2.197224577336219,1.0,1.0
log_return_sharpe_legacy,0|2|3|4|6,B3_w50,1,0.1,-2.197224577336219,1.0,1.0
log_return_sharpe_legacy,0|2|3|4|7,B3_w55,1,0.4,-0.4054651081081643,1.0,1.0
log_return_sharpe_legacy,0|2|3|4|8,A2_quarter,1,0.8,1.3862943611198908,0.0,0.0
log_return_sharpe_legacy,0|2|3|4|9,B3_w55,1,0.4,-0.4054651081081643,1.0,1.0
log_return_sharpe_legacy,0|2|3|5|6,B3_w50,1,0.1,-2.197224577336219,1.0,1.0
log_return_sharpe_legacy,0|2|3|5|7,B3_w55,1,0.4,-0.4054651081081643,1.0,1.0
log_return_sharpe_legacy,0|2|3|5|8,A2_quarter,1,0.8,1.3862943611198908,0.0,0.0
log_return_sharpe_legacy,0|2|3|5|9,B3_w55,1,0.5,0.0,1.0,0.0
log_return_sharpe_legacy,0|2|3|6|7,B3_w55,1,0.5,0.0,1.0,0.0
log_return_sharpe_legacy,0|2|3|6|8,A2_quarter,1,0.8,1.3862943611198908,0.0,0.0
log_return_sharpe_legacy,0|2|3|6|9,B3_w50,1,0.1,-2.197224577336219,1.0,1.0
log_return_sharpe_legacy,0|2|3|7|8,A2_quarter,1,0.4,-0.4054651081081643,1.0,1.0
log_return_sharpe_legacy,0|2|3|7|9,B3_w55,1,0.3,-0.8472978603872036,1.0,1.0
log_return_sharpe_legacy,0|2|3|8|9,A2_quarter,1,0.6,0.4054651081081642,0.0,0.0
log_return_sharpe_legacy,0|2|4|5|6,B3_w55,1,0.8,1.3862943611198908,0.0,0.0
log_return_sharpe_legacy,0|2|4|5|7,B3_w55,1,0.4,-0.4054651081081643,1.0,1.0
log_return_sharpe_legacy,0|2|4|5|8,A2_quarter,1,0.7,0.8472978603872034,0.0,0.0
log_return_sharpe_legacy,0|2|4|5|9,B3_w55,1,0.5,0.0,1.0,0.0
log_return_sharpe_legacy,0|2|4|6|7,B3_w55,1,0.5,0.0,1.0,0.0
log_return_sharpe_legacy,0|2|4|6|8,A0_quarter,1,0.5,0.0,1.0,0.0
log_return_sharpe_legacy,0|2|4|6|9,B3_w55,1,0.8,1.3862943611198908,0.0,0.0
log_return_sharpe_legacy,0|2|4|7|8,A2_week,1,0.2,-1.3862943611198906,1.0,1.0
log_return_sharpe_legacy,0|2|4|7|9,B3_w55,1,0.4,-0.4054651081081643,1.0,1.0
log_return_sharpe_legacy,0|2|4|8|9,A2_quarter,1,0.6,0.4054651081081642,0.0,0.0
log_return_sharpe_legacy,0|2|5|6|7,B3_w55,1,0.6,0.4054651081081642,0.0,0.0
log_return_sharpe_legacy,0|2|5|6|8,A2_quarter,1,0.6,0.4054651081081642,0.0,0.0
log_return_sharpe_legacy,0|2|5|6|9,B3_w55,1,0.8,1.3862943611198908,0.0,0.0
log_return_sharpe_legacy,0|2|5|7|8,A2_quarter,1,0.4,-0.4054651081081643,1.0,1.0
log_return_sharpe_legacy,0|2|5|7|9,B3_w55,1,0.5,0.0,1.0,0.0
log_return_sharpe_legacy,0|2|5|8|9,A2_quarter,1,0.6,0.4054651081081642,0.0,0.0
log_return_sharpe_legacy,0|2|6|7|8,A2_quarter,1,0.5,0.0,1.0,0.0
log_return_sharpe_legacy,0|2|6|7|9,B3_w55,1,0.7,0.8472978603872034,0.0,0.0
log_return_sharpe_legacy,0|2|6|8|9,A2_quarter,1,0.6,0.4054651081081642,0.0,0.0
log_return_sharpe_legacy,0|2|7|8|9,A2_quarter,1,0.3,-0.8472978603872036,1.0,1.0
log_return_sharpe_legacy,0|3|4|5|6,B3_w55,1,0.5,0.0,1.0,0.0
log_return_sharpe_legacy,0|3|4|5|7,B3_w55,1,0.3,-0.8472978603872036,1.0,1.0
log_return_sharpe_legacy,0|3|4|5|8,B3_w55,1,0.8,1.3862943611198908,0.0,0.0
log_return_sharpe_legacy,0|3|4|5|9,B3_w55,1,0.3,-0.8472978603872036,1.0,1.0
log_return_sharpe_legacy,0|3|4|6|7,B3_w55,1,0.4,-0.4054651081081643,1.0,1.0
log_return_sharpe_legacy,0|3|4|6|8,B3_beta60d3,1,0.2,-1.3862943611198906,1.0,1.0
log_return_sharpe_legacy,0|3|4|6|9,B3_w55,1,0.5,0.0,1.0,0.0
log_return_sharpe_legacy,0|3|4|7|8,B3_w55,1,0.4,-0.4054651081081643,1.0,1.0
log_return_sharpe_legacy,0|3|4|7|9,B3_w55,1,0.2,-1.3862943611198906,1.0,1.0
log_return_sharpe_legacy,0|3|4|8|9,B3_w55,1,0.9,2.1972245773362196,0.0,0.0
log_return_sharpe_legacy,0|3|5|6|7,B3_w55,1,0.4,-0.4054651081081643,1.0,1.0
log_return_sharpe_legacy,0|3|5|6|8,B3_beta60d3,1,0.3,-0.8472978603872036,1.0,1.0
log_return_sharpe_legacy,0|3|5|6|9,B3_w55,1,0.5,0.0,1.0,0.0
log_return_sharpe_legacy,0|3|5|7|8,B3_w55,1,0.7,0.8472978603872034,0.0,0.0
log_return_sharpe_legacy,0|3|5|7|9,B3_w55,1,0.2,-1.3862943611198906,1.0,1.0
log_return_sharpe_legacy,0|3|5|8|9,B3_w55,1,0.9,2.1972245773362196,0.0,0.0
log_return_sharpe_legacy,0|3|6|7|8,B3_w55,1,0.9,2.1972245773362196,0.0,0.0
log_return_sharpe_legacy,0|3|6|7|9,B3_w55,1,0.4,-0.4054651081081643,1.0,1.0
log_return_sharpe_legacy,0|3|6|8|9,A0_bimonth,1,0.2,-1.3862943611198906,1.0,1.0
log_return_sharpe_legacy,0|3|7|8|9,B3_w55,1,0.9,2.1972245773362196,0.0,0.0
log_return_sharpe_legacy,0|4|5|6|7,B3_w55,1,0.4,-0.4054651081081643,1.0,1.0
log_return_sharpe_legacy,0|4|5|6|8,A0_quarter,1,0.2,-1.3862943611198906,1.0,1.0
log_return_sharpe_legacy,0|4|5|6|9,B3_w55,1,0.5,0.0,1.0,0.0
log_return_sharpe_legacy,0|4|5|7|8,B3_w55,1,0.9,2.1972245773362196,0.0,0.0
log_return_sharpe_legacy,0|4|5|7|9,B3_w55,1,0.1,-2.197224577336219,1.0,1.0
log_return_sharpe_legacy,0|4|5|8|9,A0_quarter,1,0.2,-1.3862943611198906,1.0,1.0
log_return_sharpe_legacy,0|4|6|7|8,B3_w55,1,0.9,2.1972245773362196,0.0,0.0
log_return_sharpe_legacy,0|4|6|7|9,B3_w55,1,0.3,-0.8472978603872036,1.0,1.0
log_return_sharpe_legacy,0|4|6|8|9,A0_bimonth,1,0.2,-1.3862943611198906,1.0,1.0
log_return_sharpe_legacy,0|4|7|8|9,B3_w55,1,0.7,0.8472978603872034,0.0,0.0
log_return_sharpe_legacy,0|5|6|7|8,A2_quarter,1,0.7,0.8472978603872034,0.0,0.0
log_return_sharpe_legacy,0|5|6|7|9,B3_w55,1,0.3,-0.8472978603872036,1.0,1.0
log_return_sharpe_legacy,0|5|6|8|9,A0_quarter,1,0.3,-0.8472978603872036,1.0,1.0
log_return_sharpe_legacy,0|5|7|8|9,B3_w55,1,0.7,0.8472978603872034,0.0,0.0
log_return_sharpe_legacy,0|6|7|8|9,A2_quarter,1,0.6,0.4054651081081642,0.0,0.0
log_return_sharpe_legacy,1|2|3|4|5,B3_w50,1,0.1,-2.197224577336219,1.0,1.0
log_return_sharpe_legacy,1|2|3|4|6,B3_beta60d3,1,0.3,-0.8472978603872036,1.0,1.0
log_return_sharpe_legacy,1|2|3|4|7,B3_w55,1,0.4,-0.4054651081081643,1.0,1.0
log_return_sharpe_legacy,1|2|3|4|8,A2_quarter,1,0.7,0.8472978603872034,0.0,0.0
log_return_sharpe_legacy,1|2|3|4|9,B3_w55,1,0.8,1.3862943611198908,0.0,0.0
log_return_sharpe_legacy,1|2|3|5|6,B3_w50,1,0.1,-2.197224577336219,1.0,1.0
log_return_sharpe_legacy,1|2|3|5|7,B3_w55,1,0.6,0.4054651081081642,0.0,0.0
log_return_sharpe_legacy,1|2|3|5|8,A2_quarter,1,0.6,0.4054651081081642,0.0,0.0
log_return_sharpe_legacy,1|2|3|5|9,B3_w55,1,0.9,2.1972245773362196,0.0,0.0
log_return_sharpe_legacy,1|2|3|6|7,B3_beta60d3,1,0.3,-0.8472978603872036,1.0,1.0
log_return_sharpe_legacy,1|2|3|6|8,A2_quarter,1,0.7,0.8472978603872034,0.0,0.0
log_return_sharpe_legacy,1|2|3|6|9,B3_w55,1,0.9,2.1972245773362196,0.0,0.0
log_return_sharpe_legacy,1|2|3|7|8,A2_quarter,1,0.3,-0.8472978603872036,1.0,1.0
log_return_sharpe_legacy,1|2|3|7|9,B3_w55,1,0.6,0.4054651081081642,0.0,0.0
log_return_sharpe_legacy,1|2|3|8|9,A2_quarter,1,0.5,0.0,1.0,0.0
log_return_sharpe_legacy,1|2|4|5|6,B3_w55,1,0.9,2.1972245773362196,0.0,0.0
log_return_sharpe_legacy,1|2|4|5|7,B3_w55,1,0.6,0.4054651081081642,0.0,0.0
log_return_sharpe_legacy,1|2|4|5|8,A2_quarter,1,0.6,0.4054651081081642,0.0,0.0
log_return_sharpe_legacy,1|2|4|5|9,B3_w55,1,0.9,2.1972245773362196,0.0,0.0
log_return_sharpe_legacy,1|2|4|6|7,B3_w55,1,0.9,2.1972245773362196,0.0,0.0
log_return_sharpe_legacy,1|2|4|6|8,A0_bimonth,1,0.3,-0.8472978603872036,1.0,1.0
log_return_sharpe_legacy,1|2|4|6|9,A0_bimonth,1,0.3,-0.8472978603872036,1.0,1.0
log_return_sharpe_legacy,1|2|4|7|8,A2_quarter,1,0.3,-0.8472978603872036,1.0,1.0
log_return_sharpe_legacy,1|2|4|7|9,B3_w55,1,0.6,0.4054651081081642,0.0,0.0
log_return_sharpe_legacy,1|2|4|8|9,A2_quarter,1,0.6,0.4054651081081642,0.0,0.0
log_return_sharpe_legacy,1|2|5|6|7,B3_w55,1,0.9,2.1972245773362196,0.0,0.0
log_return_sharpe_legacy,1|2|5|6|8,A0_quarter,1,0.4,-0.4054651081081643,1.0,1.0
log_return_sharpe_legacy,1|2|5|6|9,A0_bimonth,1,0.3,-0.8472978603872036,1.0,1.0
log_return_sharpe_legacy,1|2|5|7|8,A2_quarter,1,0.5,0.0,1.0,0.0
log_return_sharpe_legacy,1|2|5|7|9,B3_w55,1,0.8,1.3862943611198908,0.0,0.0
log_return_sharpe_legacy,1|2|5|8|9,A2_quarter,1,0.6,0.4054651081081642,0.0,0.0
log_return_sharpe_legacy,1|2|6|7|8,A2_quarter,1,0.6,0.4054651081081642,0.0,0.0
log_return_sharpe_legacy,1|2|6|7|9,A2_quarter,1,0.5,0.0,1.0,0.0
log_return_sharpe_legacy,1|2|6|8|9,A0_bimonth,1,0.2,-1.3862943611198906,1.0,1.0
log_return_sharpe_legacy,1|2|7|8|9,A2_quarter,1,0.4,-0.4054651081081643,1.0,1.0
log_return_sharpe_legacy,1|3|4|5|6,B3_beta60d3,1,0.2,-1.3862943611198906,1.0,1.0
log_return_sharpe_legacy,1|3|4|5|7,B3_w55,1,0.4,-0.4054651081081643,1.0,1.0
log_return_sharpe_legacy,1|3|4|5|8,A0_quarter,1,0.3,-0.8472978603872036,1.0,1.0
log_return_sharpe_legacy,1|3|4|5|9,B3_w55,1,0.5,0.0,1.0,0.0
log_return_sharpe_legacy,1|3|4|6|7,B3_beta60d3,1,0.1,-2.197224577336219,1.0,1.0
log_return_sharpe_legacy,1|3|4|6|8,A0_quarter,1,0.5,0.0,1.0,0.0
log_return_sharpe_legacy,1|3|4|6|9,B3_w55,1,0.8,1.3862943611198908,0.0,0.0
log_return_sharpe_legacy,1|3|4|7|8,A2_quarter,1,0.7,0.8472978603872034,0.0,0.0
log_return_sharpe_legacy,1|3|4|7|9,B3_w55,1,0.3,-0.8472978603872036,1.0,1.0
log_return_sharpe_legacy,1|3|4|8|9,A0_quarter,1,0.3,-0.8472978603872036,1.0,1.0
log_return_sharpe_legacy,1|3|5|6|7,B3_beta60d3,1,0.1,-2.197224577336219,1.0,1.0
log_return_sharpe_legacy,1|3|5|6|8,A0_quarter,1,0.2,-1.3862943611198906,1.0,1.0
log_return_sharpe_legacy,1|3|5|6|9,B3_w55,1,0.7,0.8472978603872034,0.0,0.0
log_return_sharpe_legacy,1|3|5|7|8,A2_quarter,1,0.6,0.4054651081081642,0.0,0.0
log_return_sharpe_legacy,1|3|5|7|9,B3_w55,1,0.4,-0.4054651081081643,1.0,1.0
log_return_sharpe_legacy,1|3|5|8|9,A0_quarter,1,0.2,-1.3862943611198906,1.0,1.0
log_return_sharpe_legacy,1|3|6|7|8,A2_quarter,1,0.7,0.8472978603872034,0.0,0.0
log_return_sharpe_legacy,1|3|6|7|9,B3_w55,1,0.5,0.0,1.0,0.0
log_return_sharpe_legacy,1|3|6|8|9,A0_bimonth,1,0.2,-1.3862943611198906,1.0,1.0
log_return_sharpe_legacy,1|3|7|8|9,A2_quarter,1,0.5,0.0,1.0,0.0
log_return_sharpe_legacy,1|4|5|6|7,B3_w55,1,0.5,0.0,1.0,0.0
log_return_sharpe_legacy,1|4|5|6|8,A0_quarter,1,0.2,-1.3862943611198906,1.0,1.0
log_return_sharpe_legacy,1|4|5|6|9,B3_w55,1,0.8,1.3862943611198908,0.0,0.0
log_return_sharpe_legacy,1|4|5|7|8,A2_quarter,1,0.7,0.8472978603872034,0.0,0.0
log_return_sharpe_legacy,1|4|5|7|9,B3_w55,1,0.2,-1.3862943611198906,1.0,1.0
log_return_sharpe_legacy,1|4|5|8|9,A0_quarter,1,0.2,-1.3862943611198906,1.0,1.0
log_return_sharpe_legacy,1|4|6|7|8,A2_quarter,1,0.7,0.8472978603872034,0.0,0.0
log_return_sharpe_legacy,1|4|6|7|9,B3_w55,1,0.7,0.8472978603872034,0.0,0.0
log_return_sharpe_legacy,1|4|6|8|9,A0_bimonth,1,0.2,-1.3862943611198906,1.0,1.0
log_return_sharpe_legacy,1|4|7|8|9,A2_quarter,1,0.6,0.4054651081081642,0.0,0.0
log_return_sharpe_legacy,1|5|6|7|8,A2_quarter,1,0.7,0.8472978603872034,0.0,0.0
log_return_sharpe_legacy,1|5|6|7|9,B3_w55,1,0.6,0.4054651081081642,0.0,0.0
log_return_sharpe_legacy,1|5|6|8|9,A0_quarter,1,0.3,-0.8472978603872036,1.0,1.0
log_return_sharpe_legacy,1|5|7|8|9,A2_quarter,1,0.5,0.0,1.0,0.0
log_return_sharpe_legacy,1|6|7|8|9,A2_quarter,1,0.6,0.4054651081081642,0.0,0.0
log_return_sharpe_legacy,2|3|4|5|6,B3_beta60d3,1,0.2,-1.3862943611198906,1.0,1.0
log_return_sharpe_legacy,2|3|4|5|7,B3_w55,1,0.5,0.0,1.0,0.0
log_return_sharpe_legacy,2|3|4|5|8,A0_quarter,1,0.2,-1.3862943611198906,1.0,1.0
log_return_sharpe_legacy,2|3|4|5|9,B3_w55,1,0.7,0.8472978603872034,0.0,0.0
log_return_sharpe_legacy,2|3|4|6|7,B3_beta60d3,1,0.2,-1.3862943611198906,1.0,1.0
log_return_sharpe_legacy,2|3|4|6|8,A0_quarter,1,0.3,-0.8472978603872036,1.0,1.0
log_return_sharpe_legacy,2|3|4|6|9,A0_bimonth,1,0.4,-0.4054651081081643,1.0,1.0
log_return_sharpe_legacy,2|3|4|7|8,A0_quarter,1,0.2,-1.3862943611198906,1.0,1.0
log_return_sharpe_legacy,2|3|4|7|9,B3_w55,1,0.4,-0.4054651081081643,1.0,1.0
log_return_sharpe_legacy,2|3|4|8|9,A0_quarter,1,0.3,-0.8472978603872036,1.0,1.0
log_return_sharpe_legacy,2|3|5|6|7,B3_beta60d3,1,0.1,-2.197224577336219,1.0,1.0
log_return_sharpe_legacy,2|3|5|6|8,A0_quarter,1,0.2,-1.3862943611198906,1.0,1.0
log_return_sharpe_legacy,2|3|5|6|9,A0_quarter,1,0.5,0.0,1.0,0.0
log_return_sharpe_legacy,2|3|5|7|8,A2_quarter,1,0.7,0.8472978603872034,0.0,0.0
log_return_sharpe_legacy,2|3|5|7|9,B3_w55,1,0.7,0.8472978603872034,0.0,0.0
log_return_sharpe_legacy,2|3|5|8|9,A0_quarter,1,0.2,-1.3862943611198906,1.0,1.0
log_return_sharpe_legacy,2|3|6|7|8,A0_quarter,1,0.3,-0.8472978603872036,1.0,1.0
log_return_sharpe_legacy,2|3|6|7|9,B3_w55,1,0.8,1.3862943611198908,0.0,0.0
log_return_sharpe_legacy,2|3|6|8|9,A0_bimonth,1,0.2,-1.3862943611198906,1.0,1.0
log_return_sharpe_legacy,2|3|7|8|9,A2_quarter,1,0.5,0.0,1.0,0.0
log_return_sharpe_legacy,2|4|5|6|7,B3_w55,1,0.8,1.3862943611198908,0.0,0.0
log_return_sharpe_legacy,2|4|5|6|8,A0_quarter,1,0.2,-1.3862943611198906,1.0,1.0
log_return_sharpe_legacy,2|4|5|6|9,A0_bimonth,1,0.2,-1.3862943611198906,1.0,1.0
log_return_sharpe_legacy,2|4|5|7|8,A0_quarter,1,0.2,-1.3862943611198906,1.0,1.0
log_return_sharpe_legacy,2|4|5|7|9,B3_w55,1,0.7,0.8472978603872034,0.0,0.0
log_return_sharpe_legacy,2|4|5|8|9,A0_quarter,1,0.2,-1.3862943611198906,1.0,1.0
log_return_sharpe_legacy,2|4|6|7|8,A0_quarter,1,0.3,-0.8472978603872036,1.0,1.0
log_return_sharpe_legacy,2|4|6|7|9,B3_w55,1,0.9,2.1972245773362196,0.0,0.0
log_return_sharpe_legacy,2|4|6|8|9,A0_bimonth,1,0.2,-1.3862943611198906,1.0,1.0
log_return_sharpe_legacy,2|4|7|8|9,A0_quarter,1,0.2,-1.3862943611198906,1.0,1.0
log_return_sharpe_legacy,2|5|6|7|8,A0_quarter,1,0.2,-1.3862943611198906,1.0,1.0
log_return_sharpe_legacy,2|5|6|7|9,B3_w55,1,0.9,2.1972245773362196,0.0,0.0
log_return_sharpe_legacy,2|5|6|8|9,A0_quarter,1,0.3,-0.8472978603872036,1.0,1.0
log_return_sharpe_legacy,2|5|7|8|9,A0_quarter,1,0.2,-1.3862943611198906,1.0,1.0
log_return_sharpe_legacy,2|6|7|8|9,A0_bimonth,1,0.1,-2.197224577336219,1.0,1.0
log_return_sharpe_legacy,3|4|5|6|7,B3_beta60d3,1,0.1,-2.197224577336219,1.0,1.0
log_return_sharpe_legacy,3|4|5|6|8,A0_quarter,1,0.2,-1.3862943611198906,1.0,1.0
log_return_sharpe_legacy,3|4|5|6|9,B3_w55,1,0.7,0.8472978603872034,0.0,0.0
log_return_sharpe_legacy,3|4|5|7|8,B3_w55,1,0.9,2.1972245773362196,0.0,0.0
log_return_sharpe_legacy,3|4|5|7|9,B3_w55,1,0.3,-0.8472978603872036,1.0,1.0
log_return_sharpe_legacy,3|4|5|8|9,A0_quarter,1,0.2,-1.3862943611198906,1.0,1.0
log_return_sharpe_legacy,3|4|6|7|8,A0_quarter,1,0.3,-0.8472978603872036,1.0,1.0
log_return_sharpe_legacy,3|4|6|7|9,B3_w55,1,0.5,0.0,1.0,0.0
log_return_sharpe_legacy,3|4|6|8|9,A0_quarter,1,0.3,-0.8472978603872036,1.0,1.0
log_return_sharpe_legacy,3|4|7|8|9,A0_quarter,1,0.1,-2.197224577336219,1.0,1.0
log_return_sharpe_legacy,3|5|6|7|8,A0_quarter,1,0.3,-0.8472978603872036,1.0,1.0
log_return_sharpe_legacy,3|5|6|7|9,B3_w55,1,0.7,0.8472978603872034,0.0,0.0
log_return_sharpe_legacy,3|5|6|8|9,A0_quarter,1,0.2,-1.3862943611198906,1.0,1.0
log_return_sharpe_legacy,3|5|7|8|9,A0_quarter,1,0.2,-1.3862943611198906,1.0,1.0
log_return_sharpe_legacy,3|6|7|8|9,A0_quarter,1,0.2,-1.3862943611198906,1.0,1.0
log_return_sharpe_legacy,4|5|6|7|8,A0_quarter,1,0.2,-1.3862943611198906,1.0,1.0
log_return_sharpe_legacy,4|5|6|7|9,B3_w55,1,0.6,0.4054651081081642,0.0,0.0
log_return_sharpe_legacy,4|5|6|8|9,A0_quarter,1,0.2,-1.3862943611198906,1.0,1.0
log_return_sharpe_legacy,4|5|7|8|9,A0_quarter,1,0.2,-1.3862943611198906,1.0,1.0
log_return_sharpe_legacy,4|6|7|8|9,A0_quarter,1,0.2,-1.3862943611198906,1.0,1.0
log_return_sharpe_legacy,5|6|7|8|9,A0_quarter,1,0.2,-1.3862943611198906,1.0,1.0
