case,phase,orders,rejected,partialOrders,feesUSD,corporateSettlements,finalResidualUSD,maxAccountingError,capacityViolations,pendingDays,maxPendingAge,maxExitWeight,firstDate,initialCash,freshCashVerified
A0_event,baseline,16554,92,15849,56660.69129863217,19,1391.6717218894664,2.3283064365386963e-10,0,1222,20,0.05563283838351824,2017-01-04,100000.0,True
A0_quarter,baseline,7729,108,7034,43301.97599534239,19,891.6297608827408,3.4924596548080444e-10,0,1279,27,0.05315283412971697,2017-01-04,100000.0,True
A0_bimonth,baseline,7847,104,7146,43893.787709100354,18,1676.9236026274302,2.3283064365386963e-10,0,1218,27,0.0547052802056601,2017-01-04,100000.0,True
A2_event,baseline,17841,290,17182,75504.35665468533,14,24476.438855453798,2.3283064365386963e-10,0,1256,27,0.059967934568866246,2017-01-04,100000.0,True
A2_quarter,baseline,6589,348,5946,60992.7170168138,13,856.843285329629,3.4924596548080444e-10,0,962,26,0.047683005573915284,2017-01-04,100000.0,True
A2_week,baseline,14646,333,14003,81582.25519543678,15,1586.4303492553518,3.4924596548080444e-10,0,1068,31,0.05212143542322353,2017-01-04,100000.0,True
B3_w50,baseline,10955,151,10611,67146.16030750693,19,546.6816115907422,2.3283064365386963e-10,0,1096,84,0.08933869430942039,2017-01-04,100000.0,True
B3_w55,baseline,11160,124,10807,84653.7825182132,23,51048.50956890566,6.984919309616089e-10,0,1057,40,0.05541202896299306,2017-01-04,100000.0,True
B3_beta60d3,baseline,17962,230,17348,116152.44120682939,12,40894.26999999975,4.656612873077393e-10,0,1329,89,0.05745835640461356,2017-01-04,100000.0,True
B3_w50__weight45,diagnostics,10677,81,10335,27719.883570171147,23,517.6749194518397,1.1641532182693481e-10,0,1303,84,0.2317303283000547,2017-01-04,100000.0,True
B3_w50__weight60,diagnostics,12269,118,11888,65549.72031342458,21,50638.78516351695,3.4924596548080444e-10,0,1175,86,0.11721358820020641,2017-01-04,100000.0,True
B3_beta60d3__beta55d2,diagnostics,16864,168,16281,66618.98171280141,9,178.91000000018903,2.3283064365386963e-10,0,1229,68,0.061338954216274444,2017-01-04,100000.0,True
B3_beta60d3__beta55d3,diagnostics,16205,156,15616,57168.17028521693,14,353.7982812981245,1.7462298274040222e-10,0,1264,67,0.09241599333373088,2017-01-04,100000.0,True
B3_beta60d3__beta55d5,diagnostics,16199,152,15621,57361.09005669196,16,466.52041868119704,1.7462298274040222e-10,0,1189,60,0.18006029793837838,2017-01-04,100000.0,True
B3_beta60d3__beta60d2,diagnostics,16774,154,16138,52797.63823154045,11,189.60607613517277,2.3283064365386963e-10,0,1304,26,0.051560736134764105,2017-01-04,100000.0,True
B3_beta60d3__beta60d5,diagnostics,16599,155,15993,56665.074115308606,16,295.31917657311715,1.7462298274040222e-10,0,1310,64,0.21274811237064803,2017-01-04,100000.0,True
B3_beta60d3__beta65d2,diagnostics,17794,195,17137,84935.32127202433,8,1070.649999999856,2.3283064365386963e-10,0,1205,45,0.08229734449223242,2017-01-04,100000.0,True
B3_beta60d3__beta65d3,diagnostics,18316,227,17660,115154.87891072276,10,850.6861152010315,4.656612873077393e-10,0,1251,81,0.1516253742398704,2017-01-04,100000.0,True
B3_beta60d3__beta65d5,diagnostics,18929,209,18313,104791.10212779227,10,746.2383658681865,4.656612873077393e-10,0,1380,81,0.14168124138495716,2017-01-04,100000.0,True
A0_event__d05,diagnostics,14144,96,13444,53345.452431283666,19,571.645660875136,3.4924596548080444e-10,0,1110,15,0.05815817789825188,2017-01-04,100000.0,True
A0_event__d10,diagnostics,10530,94,9844,49841.435175927625,19,1351.857443304485,3.4924596548080444e-10,0,1091,13,0.06475653709795488,2017-01-04,100000.0,True
A0_event__d20,diagnostics,8660,92,7962,42480.68868690645,19,1328.4924541680884,3.4924596548080444e-10,0,1151,15,0.04958143092311048,2017-01-04,100000.0,True
A0_event__d40,diagnostics,7834,102,7133,43993.34747711952,18,504.03862637473503,3.4924596548080444e-10,0,1216,19,0.05536876535160369,2017-01-04,100000.0,True
A0_event__d60,diagnostics,7718,86,7013,35962.54600557934,20,14328.620000000083,2.3283064365386963e-10,0,1211,20,0.04677677200206847,2017-01-04,100000.0,True
A2_event__d05,diagnostics,14604,298,13938,71376.94901244428,14,27588.44920192377,3.4924596548080444e-10,0,1080,29,0.047739663397055786,2017-01-04,100000.0,True
A2_event__d10,diagnostics,10610,305,9955,66006.3248052873,15,390.5391695795297,2.3283064365386963e-10,0,1001,19,0.04602458526500012,2017-01-04,100000.0,True
A2_event__d20,diagnostics,8173,306,7510,56269.50844927141,13,28364.45164873559,2.3283064365386963e-10,0,957,19,0.04548972509235623,2017-01-04,100000.0,True
A2_event__d40,diagnostics,6920,317,6267,56637.69739577694,14,708.2345952747637,2.3283064365386963e-10,0,961,19,0.04396907580537164,2017-01-04,100000.0,True
A2_event__d60,diagnostics,6512,321,5856,50748.94401053079,14,1576.6504523909462,2.3283064365386963e-10,0,914,18,0.044290339633137034,2017-01-04,100000.0,True
A0_event__fresh2018,diagnostics,15286,97,14657,61095.6021397499,15,1455.6050782610764,3.4924596548080444e-10,0,1043,20,0.0543297355172748,2018-01-02,100000.0,True
A0_event__fresh2019,diagnostics,14862,129,14338,99855.72162581894,13,730.0948286071653,4.656612873077393e-10,0,853,17,0.08075022361606074,2019-01-02,100000.0,True
A0_event__fresh2020,diagnostics,11487,79,11013,52327.11923881169,12,1499.9308456262406,3.4924596548080444e-10,0,812,19,0.054048427645319974,2020-01-02,100000.0,True
A0_event__fresh2021,diagnostics,9891,41,9459,33446.913249127036,11,16908.09419548759,1.7462298274040222e-10,0,725,20,0.11127326124068297,2021-01-04,100000.0,True
A0_event__fresh2022,diagnostics,8481,44,8125,32560.65707887451,9,16528.795177080407,1.7462298274040222e-10,0,631,20,0.0717139257884288,2022-01-03,100000.0,True
A0_event__fresh2023,diagnostics,6251,35,5983,28082.019982764046,7,16353.794572269026,1.7462298274040222e-10,0,564,22,0.057159266442973825,2023-01-03,100000.0,True
A0_event__USD100K_C50,diagnostics,16054,76,15345,91031.61229877507,19,17659.802958703185,2.3283064365386963e-10,0,1298,27,0.05462847008550131,2017-01-04,100000.0,True
A0_event__USD100K_R5,diagnostics,15973,57,15227,57359.197696560565,18,7493.707302052506,2.3283064365386963e-10,0,1155,15,0.039007553805714336,2017-01-04,100000.0,True
A0_event__USD100K_UNLIMITED,diagnostics,15760,57,15013,56068.529233059926,19,524.4243877612753,2.3283064365386963e-10,0,1110,15,0.0,2017-01-04,100000.0,True
A0_event__KRW50M_R1,diagnostics,14351,54,13609,20350.9510445841,18,9755.542153113107,1.1641532182693481e-10,0,1317,16,0.06015491833743667,2017-01-04,33333.333333333336,True
A0_event__KRW50M_C50,diagnostics,13830,52,13093,32773.526438588924,18,4293.61255320204,8.731149137020111e-11,0,1331,33,0.049429368563222685,2017-01-04,33333.333333333336,True
A0_event__KRW50M_R5,diagnostics,13807,57,13063,18044.51410043614,18,450.2945644713827,8.731149137020111e-11,0,1346,33,0.03711708214598908,2017-01-04,33333.333333333336,True
A0_event__KRW50M_UNLIMITED,diagnostics,13847,57,13100,18218.225793820187,19,235.7245362323929,8.731149137020111e-11,0,1366,33,0.0,2017-01-04,33333.333333333336,True
A0_event__KRW100M_R1,diagnostics,15875,75,15149,40008.148590218705,18,17416.508196983203,1.7462298274040222e-10,0,1199,20,0.06479264109658533,2017-01-04,66666.66666666667,True
A0_event__KRW100M_C50,diagnostics,15710,59,14969,63148.23088938155,18,9764.701861616077,1.1641532182693481e-10,0,1267,26,0.0667925974017105,2017-01-04,66666.66666666667,True
A0_event__KRW100M_R5,diagnostics,15304,57,14556,37670.76932783159,18,1126.1442021991006,1.7462298274040222e-10,0,1248,40,0.03855508874381674,2017-01-04,66666.66666666667,True
A0_event__KRW100M_UNLIMITED,diagnostics,15135,57,14388,37273.91995334813,19,591.1432343210035,1.7462298274040222e-10,0,1159,15,0.0,2017-01-04,66666.66666666667,True
A0_quarter__fresh2018,diagnostics,7423,91,6768,42407.69208399439,17,1439.8663736871913,3.4924596548080444e-10,0,1105,24,0.048219899157637504,2018-01-02,100000.0,True
A0_quarter__fresh2019,diagnostics,6825,138,6278,64129.44957942517,14,551.7017327945323,4.656612873077393e-10,0,938,22,0.06311803378247474,2019-01-02,100000.0,True
A0_quarter__fresh2020,diagnostics,5555,82,5063,36438.43218092889,12,399.2400000000034,3.4924596548080444e-10,0,812,27,0.04811664948738864,2020-01-02,100000.0,True
A0_quarter__fresh2021,diagnostics,4770,36,4361,22548.753035287846,11,10580.184090002775,2.3283064365386963e-10,0,761,27,0.05751807451986721,2021-01-04,100000.0,True
A0_quarter__fresh2022,diagnostics,4021,47,3669,21662.23491615409,9,10212.860390763859,2.9103830456733704e-10,0,619,24,0.058944531542427785,2022-01-03,100000.0,True
A0_quarter__fresh2023,diagnostics,2977,36,2709,17466.133907493368,7,11038.577634537087,2.3283064365386963e-10,0,512,15,0.04994562916371354,2023-01-03,100000.0,True
A0_quarter__USD100K_C50,diagnostics,7977,90,7257,71182.87567439518,20,10204.766957142478,2.3283064365386963e-10,0,1351,25,0.0479987683412078,2017-01-04,100000.0,True
A0_quarter__USD100K_R5,diagnostics,8160,56,7413,38985.11912087896,18,5005.087251979403,2.3283064365386963e-10,0,1232,14,0.03533692883827787,2017-01-04,100000.0,True
A0_quarter__USD100K_UNLIMITED,diagnostics,8180,57,7433,37538.97091908151,19,499.750066057959,2.3283064365386963e-10,0,1226,24,0.0,2017-01-04,100000.0,True
A0_quarter__KRW50M_R1,diagnostics,6319,53,5580,13668.57615136227,18,7410.078681912345,5.820766091346741e-11,0,1348,27,0.04859559405673811,2017-01-04,33333.333333333336,True
A0_quarter__KRW50M_C50,diagnostics,6273,52,5534,24280.497264067257,18,4402.988597330576,5.820766091346741e-11,0,1391,27,0.04518037469054843,2017-01-04,33333.333333333336,True
A0_quarter__KRW50M_R5,diagnostics,6234,57,5488,12226.568700730613,18,176.83525016273325,8.731149137020111e-11,0,1362,19,0.036083366234634574,2017-01-04,33333.333333333336,True
A0_quarter__KRW50M_UNLIMITED,diagnostics,6262,57,5515,12477.493419758368,19,301.3526059155174,1.1641532182693481e-10,0,1378,38,0.0,2017-01-04,33333.333333333336,True
A0_quarter__KRW100M_R1,diagnostics,7600,69,6876,27545.69738590748,19,10508.243408160277,2.3283064365386963e-10,0,1383,20,0.05786188525385916,2017-01-04,66666.66666666667,True
A0_quarter__KRW100M_C50,diagnostics,7685,62,6946,44506.03618036495,18,6127.043347468853,1.1641532182693481e-10,0,1459,25,0.06061601433840152,2017-01-04,66666.66666666667,True
A0_quarter__KRW100M_R5,diagnostics,7558,57,6810,25697.90581828231,18,456.26669407434383,1.7462298274040222e-10,0,1279,30,0.03700420151108401,2017-01-04,66666.66666666667,True
A0_quarter__KRW100M_UNLIMITED,diagnostics,7564,57,6817,25081.905476286793,19,303.37070265937837,1.1641532182693481e-10,0,1321,24,0.0,2017-01-04,66666.66666666667,True
A0_bimonth__fresh2018,diagnostics,7278,90,6639,42337.680357092686,17,1670.1710701050324,3.4924596548080444e-10,0,1107,21,0.04822110124805392,2018-01-02,100000.0,True
A0_bimonth__fresh2019,diagnostics,6972,137,6429,64534.186707594716,12,785.3036668286804,4.656612873077393e-10,0,923,21,0.06693630174265806,2019-01-02,100000.0,True
A0_bimonth__fresh2020,diagnostics,5553,73,5076,36602.46161855498,13,622.4888921479651,3.4924596548080444e-10,0,819,27,0.04808529659491889,2020-01-02,100000.0,True
A0_bimonth__fresh2021,diagnostics,5049,39,4622,24306.260151576793,11,14548.638191396727,2.3283064365386963e-10,0,752,20,0.0585924027442266,2021-01-04,100000.0,True
A0_bimonth__fresh2022,diagnostics,4142,45,3787,21852.232716313258,9,16384.336689157226,1.1641532182693481e-10,0,613,19,0.05919674790916136,2022-01-03,100000.0,True
A0_bimonth__fresh2023,diagnostics,3107,34,2834,17938.617051768368,7,14542.880419681143,1.1641532182693481e-10,0,522,19,0.051776476598974594,2023-01-03,100000.0,True
A0_bimonth__USD100K_C50,diagnostics,8063,93,7348,78282.73802823717,19,1331.2900000000736,3.4924596548080444e-10,0,1309,25,0.047918727459616374,2017-01-04,100000.0,True
A0_bimonth__USD100K_R5,diagnostics,8200,57,7454,40235.74877658525,18,8662.142722743349,2.3283064365386963e-10,0,1189,14,0.03558753545213227,2017-01-04,100000.0,True
A0_bimonth__USD100K_UNLIMITED,diagnostics,8173,57,7426,39122.311060174405,19,515.7933709513127,2.3283064365386963e-10,0,1190,17,0.0,2017-01-04,100000.0,True
A0_bimonth__KRW50M_R1,diagnostics,6449,53,5716,14422.563888238157,18,10046.457996013098,8.731149137020111e-11,0,1275,27,0.05063828271703068,2017-01-04,33333.333333333336,True
A0_bimonth__KRW50M_C50,diagnostics,6386,52,5647,24986.510749894253,18,5531.610840645494,5.820766091346741e-11,0,1286,27,0.04190217476173624,2017-01-04,33333.333333333336,True
A0_bimonth__KRW50M_R5,diagnostics,6290,57,5544,12741.565830933618,18,317.5035301869466,8.731149137020111e-11,0,1250,21,0.03630834015017413,2017-01-04,33333.333333333336,True
A0_bimonth__KRW50M_UNLIMITED,diagnostics,6312,57,5565,12975.00982584126,19,172.23498522009595,1.1641532182693481e-10,0,1252,21,0.0,2017-01-04,33333.333333333336,True
A0_bimonth__KRW100M_R1,diagnostics,7559,72,6833,29406.37246000691,19,15429.371427057304,2.9103830456733704e-10,0,1259,20,0.05808520328304883,2017-01-04,66666.66666666667,True
A0_bimonth__KRW100M_C50,diagnostics,7603,60,6883,50737.76543863729,19,15198.823883487876,1.7462298274040222e-10,0,1368,25,0.059112656585476854,2017-01-04,66666.66666666667,True
A0_bimonth__KRW100M_R5,diagnostics,7453,57,6705,26418.970964205724,18,1531.2082723510812,1.7462298274040222e-10,0,1185,15,0.03720055849896326,2017-01-04,66666.66666666667,True
A0_bimonth__KRW100M_UNLIMITED,diagnostics,7495,57,6748,25853.39710680544,19,305.70064122701115,1.1641532182693481e-10,0,1192,17,0.0,2017-01-04,66666.66666666667,True
A2_event__fresh2018,diagnostics,16177,282,15595,78753.82033785984,13,29855.974282139134,2.3283064365386963e-10,0,1132,29,0.060084281906537224,2018-01-02,100000.0,True
A2_event__fresh2019,diagnostics,14337,294,13814,85270.2333064937,11,29222.391348595313,2.3283064365386963e-10,0,979,28,0.06004745847597094,2019-01-02,100000.0,True
A2_event__fresh2020,diagnostics,12335,198,11859,58799.0704098314,11,24007.895583145673,1.7462298274040222e-10,0,853,27,0.06015503569011472,2020-01-02,100000.0,True
A2_event__fresh2021,diagnostics,10486,81,10033,23267.706595128144,10,16791.934909253243,1.1641532182693481e-10,0,762,14,0.16540494223428223,2021-01-04,100000.0,True
A2_event__fresh2022,diagnostics,8042,103,7711,26111.509813638757,8,14700.727568554395,1.1641532182693481e-10,0,604,13,0.10122608367372989,2022-01-03,100000.0,True
A2_event__fresh2023,diagnostics,6946,132,6689,32341.489101841707,6,20005.227895334978,1.7462298274040222e-10,0,534,13,0.060371068397218314,2023-01-03,100000.0,True
A2_event__USD100K_C50,diagnostics,18036,224,17359,128877.66943604343,17,17736.22595591328,1.7462298274040222e-10,0,1256,23,0.05912869934424718,2017-01-04,100000.0,True
A2_event__USD100K_R5,diagnostics,17163,134,16469,79926.34089051402,15,25585.87342619867,3.4924596548080444e-10,0,1123,23,0.0445870621131731,2017-01-04,100000.0,True
A2_event__USD100K_UNLIMITED,diagnostics,16821,134,16116,71695.77120325895,15,184.30806839074648,3.4924596548080444e-10,0,1071,23,0.0,2017-01-04,100000.0,True
A2_event__KRW50M_R1,diagnostics,16135,136,15449,26773.698290496563,15,17615.37534983812,5.820766091346741e-11,0,1237,23,0.05968427296454818,2017-01-04,33333.333333333336,True
A2_event__KRW50M_C50,diagnostics,15663,132,14963,40747.555095552474,13,6636.41598990632,5.820766091346741e-11,0,1269,23,0.04676790533917039,2017-01-04,33333.333333333336,True
A2_event__KRW50M_R5,diagnostics,15229,134,14526,22646.092121184058,14,505.94433984164516,8.731149137020111e-11,0,1202,26,0.008234286507157674,2017-01-04,33333.333333333336,True
A2_event__KRW50M_UNLIMITED,diagnostics,15229,134,14525,22669.58321931162,14,513.7845796472147,8.731149137020111e-11,0,1198,26,0.0,2017-01-04,33333.333333333336,True
A2_event__KRW100M_R1,diagnostics,17640,182,16948,51401.69151531395,15,15308.920742414008,2.3283064365386963e-10,0,1280,23,0.07408133735048035,2017-01-04,66666.66666666667,True
A2_event__KRW100M_C50,diagnostics,17379,168,16689,88813.93233819534,15,13290.315944602158,1.1641532182693481e-10,0,1254,23,0.06693769855976762,2017-01-04,66666.66666666667,True
A2_event__KRW100M_R5,diagnostics,16662,134,15968,52454.684582899965,15,8058.628851836409,1.1641532182693481e-10,0,1157,26,0.037451751819746894,2017-01-04,66666.66666666667,True
A2_event__KRW100M_UNLIMITED,diagnostics,16429,134,15724,48238.86094015521,15,1505.1218566312637,2.3283064365386963e-10,0,1143,26,0.0,2017-01-04,66666.66666666667,True
A2_quarter__fresh2018,diagnostics,5944,340,5377,63167.6174971892,12,1723.920142621857,4.656612873077393e-10,0,804,23,0.047799540814906276,2018-01-02,100000.0,True
A2_quarter__fresh2019,diagnostics,5387,335,4888,76976.01159593649,11,1396.8932731070818,6.984919309616089e-10,0,704,14,0.05961137243063318,2019-01-02,100000.0,True
A2_quarter__fresh2020,diagnostics,4772,217,4310,35898.608945365355,9,19646.409543583468,1.7462298274040222e-10,0,619,23,0.04657107283533813,2020-01-02,100000.0,True
A2_quarter__fresh2021,diagnostics,4024,91,3569,16467.772137666936,10,8524.913850611869,1.7462298274040222e-10,0,515,12,0.16596105923941162,2021-01-04,100000.0,True
A2_quarter__fresh2022,diagnostics,3404,114,3074,18509.672368898988,8,11917.162496748895,1.1641532182693481e-10,0,445,12,0.04530788137714828,2022-01-03,100000.0,True
A2_quarter__fresh2023,diagnostics,2577,145,2336,23558.73568033342,5,1616.8688070092358,2.3283064365386963e-10,0,379,21,0.044214185409286635,2023-01-03,100000.0,True
A2_quarter__USD100K_C50,diagnostics,6609,326,5958,108491.29507038252,14,1307.968778639668,3.4924596548080444e-10,0,943,26,0.04628596689856453,2017-01-04,100000.0,True
A2_quarter__USD100K_R5,diagnostics,7013,131,6319,55276.81332151664,15,27982.0002103756,3.4924596548080444e-10,0,849,26,0.03937789459270674,2017-01-04,100000.0,True
A2_quarter__USD100K_UNLIMITED,diagnostics,6969,134,6264,53172.67537639638,15,1585.4770787633315,2.3283064365386963e-10,0,833,26,0.0,2017-01-04,100000.0,True
A2_quarter__KRW50M_R1,diagnostics,6113,152,5438,19370.182298814467,15,10236.866177282252,1.1641532182693481e-10,0,981,26,0.05364315297153499,2017-01-04,33333.333333333336,True
A2_quarter__KRW50M_C50,diagnostics,6144,142,5461,34549.64874202608,15,11185.233007501589,5.820766091346741e-11,0,1012,26,0.051220197753893436,2017-01-04,33333.333333333336,True
A2_quarter__KRW50M_R5,diagnostics,6142,134,5438,17540.21670049724,15,1364.5107698974934,5.820766091346741e-11,0,993,26,0.007142097669983015,2017-01-04,33333.333333333336,True
A2_quarter__KRW50M_UNLIMITED,diagnostics,6142,134,5437,17559.98345069548,15,1364.5107698974934,1.1641532182693481e-10,0,990,26,0.0,2017-01-04,33333.333333333336,True
A2_quarter__KRW100M_R1,diagnostics,6526,220,5860,37667.463773730924,15,22884.0619443709,2.3283064365386963e-10,0,978,26,0.045277364798313596,2017-01-04,66666.66666666667,True
A2_quarter__KRW100M_C50,diagnostics,6558,206,5879,70959.32185944723,14,19217.83840447489,2.3283064365386963e-10,0,977,26,0.044403367260176616,2017-01-04,66666.66666666667,True
A2_quarter__KRW100M_R5,diagnostics,6759,134,6065,38375.24298256873,15,7759.098306904809,2.3283064365386963e-10,0,919,26,0.031182209036407775,2017-01-04,66666.66666666667,True
A2_quarter__KRW100M_UNLIMITED,diagnostics,6700,134,5995,35706.066214118626,15,1389.5735714798047,2.3283064365386963e-10,0,894,26,0.0,2017-01-04,66666.66666666667,True
A2_week__fresh2018,diagnostics,13274,281,12681,71561.46600579792,13,1287.3425031019433,2.3283064365386963e-10,0,947,27,0.05275938735025265,2018-01-02,100000.0,True
A2_week__fresh2019,diagnostics,11700,308,11172,82783.01142474556,11,1754.6406895640102,3.4924596548080444e-10,0,864,28,0.05564781964632359,2019-01-02,100000.0,True
A2_week__fresh2020,diagnostics,9946,249,9486,62201.72708796398,8,1570.584026561617,2.3283064365386963e-10,0,740,24,0.06019869289631417,2020-01-02,100000.0,True
A2_week__fresh2021,diagnostics,8390,85,7936,22430.765874902587,10,18483.69082070468,8.731149137020111e-11,0,650,5,0.16596105923941162,2021-01-04,100000.0,True
A2_week__fresh2022,diagnostics,6746,105,6415,23985.87642781029,8,14726.955430589464,1.7462298274040222e-10,0,570,7,0.09303952192867301,2022-01-03,100000.0,True
A2_week__fresh2023,diagnostics,5558,149,5311,33849.24836984271,6,25450.497084101393,2.3283064365386963e-10,0,480,16,0.049532669985066786,2023-01-03,100000.0,True
A2_week__USD100K_C50,diagnostics,14848,256,14173,128908.81719394738,15,19631.35676053398,1.7462298274040222e-10,0,1089,16,0.05065986418365311,2017-01-04,100000.0,True
A2_week__USD100K_R5,diagnostics,14960,134,14276,81349.61318638433,15,40018.16070016996,3.4924596548080444e-10,0,949,5,0.050045834317552176,2017-01-04,100000.0,True
A2_week__USD100K_UNLIMITED,diagnostics,14944,134,14239,73509.26159331152,15,1189.327273957333,2.3283064365386963e-10,0,939,5,0.0,2017-01-04,100000.0,True
A2_week__KRW50M_R1,diagnostics,13234,142,12542,26815.255566423122,15,12612.217733095573,8.731149137020111e-11,0,1080,6,0.05884168690254073,2017-01-04,33333.333333333336,True
A2_week__KRW50M_C50,diagnostics,12945,132,12254,40816.00162661028,14,9817.628026790328,8.731149137020111e-11,0,1072,8,0.05162060713576203,2017-01-04,33333.333333333336,True
A2_week__KRW50M_R5,diagnostics,13155,134,12451,23887.64641302627,15,518.6311366387617,1.1641532182693481e-10,0,1085,8,0.017058477932728147,2017-01-04,33333.333333333336,True
A2_week__KRW50M_UNLIMITED,diagnostics,13140,134,12435,23913.18288150127,15,619.2011366387032,8.731149137020111e-11,0,1093,8,0.0,2017-01-04,33333.333333333336,True
A2_week__KRW100M_R1,diagnostics,14408,210,13729,51443.74310105564,15,21312.369118195293,1.7462298274040222e-10,0,1051,14,0.0497772295251794,2017-01-04,66666.66666666667,True
A2_week__KRW100M_C50,diagnostics,14439,187,13750,92679.34208735065,15,16238.095253648515,1.7462298274040222e-10,0,1060,12,0.04861533866723866,2017-01-04,66666.66666666667,True
A2_week__KRW100M_R5,diagnostics,14502,134,13808,54038.94749766322,15,13861.683203878558,2.3283064365386963e-10,0,964,5,0.0327146053809661,2017-01-04,66666.66666666667,True
A2_week__KRW100M_UNLIMITED,diagnostics,14373,134,13668,48715.34628989928,15,1244.919783919362,2.3283064365386963e-10,0,954,6,0.0,2017-01-04,66666.66666666667,True
B3_w50__fresh2018,diagnostics,9460,127,9169,48654.62049207693,13,6172.38971235153,2.3283064365386963e-10,0,2136,2049,0.11140949350006765,2018-01-02,100000.0,True
B3_w50__fresh2019,diagnostics,9866,95,9582,35962.65617617264,16,8415.964139583817,1.7462298274040222e-10,0,936,47,0.08953286827344722,2019-01-02,100000.0,True
B3_w50__fresh2020,diagnostics,8136,71,7873,24255.379456634608,14,16497.994449069643,1.1641532182693481e-10,0,799,25,0.062219526286094895,2020-01-02,100000.0,True
B3_w50__fresh2021,diagnostics,6599,44,6391,15416.889812597574,12,8500.900403266713,1.1641532182693481e-10,0,730,48,0.06362503269046063,2021-01-04,100000.0,True
B3_w50__fresh2022,diagnostics,4769,40,4586,9526.92879452894,7,1430.22950591876,5.820766091346741e-11,0,688,34,0.040126602597058775,2022-01-03,100000.0,True
B3_w50__fresh2023,diagnostics,3798,27,3675,9179.142531522883,5,978.8665357302698,8.731149137020111e-11,0,595,85,0.10113727409396081,2023-01-03,100000.0,True
B3_w50__USD100K_C50,diagnostics,10815,134,10478,108505.86505421887,21,27381.79953284399,2.3283064365386963e-10,0,1153,84,0.08987897463460004,2017-01-04,100000.0,True
B3_w50__USD100K_R5,diagnostics,10660,44,10332,61386.15406847106,23,703.6183148195705,4.656612873077393e-10,0,1017,84,0.09338298421564407,2017-01-04,100000.0,True
B3_w50__USD100K_UNLIMITED,diagnostics,9910,47,9562,72700.49051335502,23,653.5851476133648,4.656612873077393e-10,0,1051,84,0.09339149322045562,2017-01-04,100000.0,True
B3_w50__KRW50M_R1,diagnostics,10362,66,10015,19413.953439448094,22,1034.5642303365203,1.1641532182693481e-10,0,1266,84,0.09276465260967845,2017-01-04,33333.333333333336,True
B3_w50__KRW50M_C50,diagnostics,9872,69,9527,36387.8440655155,23,235.11023146997832,8.731149137020111e-11,0,1249,84,0.09324196335403835,2017-01-04,33333.333333333336,True
B3_w50__KRW50M_R5,diagnostics,9300,48,8957,20262.24579279092,25,523.6591383963187,8.731149137020111e-11,0,1181,84,0.09277090317453682,2017-01-04,33333.333333333336,True
B3_w50__KRW50M_UNLIMITED,diagnostics,9161,47,8813,23484.825298383577,23,477.0512201601541,1.7462298274040222e-10,0,1237,84,0.09277090317453682,2017-01-04,33333.333333333336,True
B3_w50__KRW100M_R1,diagnostics,11347,100,10997,32838.84713567741,24,466.8807527531035,1.1641532182693481e-10,0,1235,84,0.09571506345958873,2017-01-04,66666.66666666667,True
B3_w50__KRW100M_C50,diagnostics,11058,113,10719,76295.15196085942,23,990.4240979708829,1.7462298274040222e-10,0,1261,84,0.09636387085080546,2017-01-04,66666.66666666667,True
B3_w50__KRW100M_R5,diagnostics,10387,59,10038,47653.117133251595,25,394.9931231036535,3.4924596548080444e-10,0,1079,84,0.09323478293064096,2017-01-04,66666.66666666667,True
B3_w50__KRW100M_UNLIMITED,diagnostics,9734,47,9386,47962.61066068521,23,990.97095612064,2.3283064365386963e-10,0,1150,84,0.09323995871806397,2017-01-04,66666.66666666667,True
B3_w55__fresh2018,diagnostics,9877,94,9548,40136.32169431692,23,16124.01442554062,1.7462298274040222e-10,0,2137,2049,0.15136499778415852,2018-01-02,100000.0,True
B3_w55__fresh2019,diagnostics,8726,125,8457,66930.55489944044,20,30636.82874174021,3.4924596548080444e-10,0,908,29,0.045692748314530435,2019-01-02,100000.0,True
B3_w55__fresh2020,diagnostics,8404,88,8136,32909.53752330292,15,591.7203549519363,1.7462298274040222e-10,0,943,41,0.050825475105442365,2020-01-02,100000.0,True
B3_w55__fresh2021,diagnostics,5583,37,5361,11196.737348317256,10,252.91035699424083,5.820766091346741e-11,0,680,30,0.043650784745890014,2021-01-04,100000.0,True
B3_w55__fresh2022,diagnostics,5196,46,5013,14455.082423531705,10,8908.204447584409,8.731149137020111e-11,0,626,44,0.07351715402602217,2022-01-03,100000.0,True
B3_w55__fresh2023,diagnostics,3729,36,3597,11062.22804230158,6,563.889565641357,8.731149137020111e-11,0,404,26,0.06126349358352933,2023-01-03,100000.0,True
B3_w55__USD100K_C50,diagnostics,11198,114,10850,117471.11709804063,18,524.7401839353552,2.3283064365386963e-10,0,1126,30,0.06570079422917288,2017-01-04,100000.0,True
B3_w55__USD100K_R5,diagnostics,10377,64,10034,82349.42226286905,18,12659.93970622067,4.656612873077393e-10,0,986,44,0.06952465241488154,2017-01-04,100000.0,True
B3_w55__USD100K_UNLIMITED,diagnostics,10000,49,9636,83317.2621439572,16,626.0616953056378,3.4924596548080444e-10,0,960,27,0.05128411294279948,2017-01-04,100000.0,True
B3_w55__KRW50M_R1,diagnostics,10428,99,10082,34339.4421519141,18,670.4721718578294,2.3283064365386963e-10,0,1260,36,0.05447620060751136,2017-01-04,33333.333333333336,True
B3_w55__KRW50M_C50,diagnostics,9228,89,8887,57869.78992800831,18,8552.730873369837,1.7462298274040222e-10,0,1272,36,0.05185263216052921,2017-01-04,33333.333333333336,True
B3_w55__KRW50M_R5,diagnostics,8745,43,8406,26784.980424527566,16,615.3249631312137,1.7462298274040222e-10,0,1061,58,0.05150705308219981,2017-01-04,33333.333333333336,True
B3_w55__KRW50M_UNLIMITED,diagnostics,9213,49,8849,27250.027665097234,16,868.1195314332163,1.7462298274040222e-10,0,1162,29,0.05150705308219981,2017-01-04,33333.333333333336,True
B3_w55__KRW100M_R1,diagnostics,10965,115,10624,54035.73977206251,22,20344.55599507655,2.3283064365386963e-10,0,1156,35,0.05497259883948159,2017-01-04,66666.66666666667,True
B3_w55__KRW100M_C50,diagnostics,10404,108,10074,102898.85293381789,20,1182.3172224073496,3.4924596548080444e-10,0,1075,35,0.07710932785465494,2017-01-04,66666.66666666667,True
B3_w55__KRW100M_R5,diagnostics,10141,65,9773,39166.390154131164,23,7077.335406255466,1.7462298274040222e-10,0,1169,27,0.05164293153792399,2017-01-04,66666.66666666667,True
B3_w55__KRW100M_UNLIMITED,diagnostics,9792,49,9428,55163.55395633573,16,730.5335478279703,2.3283064365386963e-10,0,962,27,0.051216222891840295,2017-01-04,66666.66666666667,True
B3_beta60d3__fresh2018,diagnostics,15821,129,15259,54720.84902957711,11,932.545371164877,1.7462298274040222e-10,0,1219,66,0.07725619669599304,2018-01-02,100000.0,True
B3_beta60d3__fresh2019,diagnostics,14565,182,14071,71282.20444463652,11,895.2415696072203,4.656612873077393e-10,0,966,72,0.1088259818658711,2019-01-02,100000.0,True
B3_beta60d3__fresh2020,diagnostics,11417,115,11002,46885.47712255061,10,687.1670197071726,2.3283064365386963e-10,0,878,55,0.07427386931480703,2020-01-02,100000.0,True
B3_beta60d3__fresh2021,diagnostics,9018,55,8653,19954.91271561246,6,6570.460000000025,8.731149137020111e-11,0,844,33,0.06644858813388048,2021-01-04,100000.0,True
B3_beta60d3__fresh2022,diagnostics,7431,51,7134,16254.161844547441,5,15708.602194956946,8.731149137020111e-11,0,683,28,0.06475647895340637,2022-01-03,100000.0,True
B3_beta60d3__fresh2023,diagnostics,5617,53,5404,12948.46248754201,7,8795.726891946393,8.731149137020111e-11,0,562,28,0.10113727409396081,2023-01-03,100000.0,True
B3_beta60d3__USD100K_C50,diagnostics,16791,171,16170,144721.11802776487,11,23163.86412939581,2.3283064365386963e-10,0,1196,72,0.07603294067764967,2017-01-04,100000.0,True
B3_beta60d3__USD100K_R5,diagnostics,15762,82,15152,113799.26334529354,12,33859.38000000014,3.4924596548080444e-10,0,1060,28,0.06767668240840774,2017-01-04,100000.0,True
B3_beta60d3__USD100K_UNLIMITED,diagnostics,15087,76,14484,107514.9928576895,13,321.2897012377216,6.984919309616089e-10,0,1103,28,0.0,2017-01-04,100000.0,True
B3_beta60d3__KRW50M_R1,diagnostics,16009,106,15397,39788.59543685601,15,128.9199999999928,1.1641532182693481e-10,0,1331,40,0.05663139868942679,2017-01-04,33333.333333333336,True
B3_beta60d3__KRW50M_C50,diagnostics,14850,92,14252,64666.81488822373,14,9294.932415017514,1.4551915228366852e-10,0,1324,45,0.05589846658585836,2017-01-04,33333.333333333336,True
B3_beta60d3__KRW50M_R5,diagnostics,14207,75,13605,38038.869014404714,13,26344.25615641502,2.3283064365386963e-10,0,1302,21,0.05400009742373404,2017-01-04,33333.333333333336,True
B3_beta60d3__KRW50M_UNLIMITED,diagnostics,13824,76,13221,32338.14610419816,13,485.3484226768978,1.7462298274040222e-10,0,1297,28,0.0,2017-01-04,33333.333333333336,True
B3_beta60d3__KRW100M_R1,diagnostics,16451,175,15840,72734.06810785012,12,2477.8202064847683,2.3283064365386963e-10,0,1193,72,0.07640043192046704,2017-01-04,66666.66666666667,True
B3_beta60d3__KRW100M_C50,diagnostics,16465,141,15868,107153.64878106918,14,30887.65624980127,1.7462298274040222e-10,0,1298,55,0.07366807837315828,2017-01-04,66666.66666666667,True
B3_beta60d3__KRW100M_R5,diagnostics,15456,91,14855,98572.4112668352,14,77022.0399999998,4.656612873077393e-10,0,1162,28,0.05546936743541344,2017-01-04,66666.66666666667,True
B3_beta60d3__KRW100M_UNLIMITED,diagnostics,14765,76,14162,70990.33744300483,13,547.8764776172429,3.4924596548080444e-10,0,1180,28,0.0,2017-01-04,66666.66666666667,True
A0_event__excludeTop1,exclusion_replays,16612,91,15899,56011.54851671444,19,19754.64569266818,3.4924596548080444e-10,0,1232,25,0.05561381187824931,2017-01-04,100000.0,True
A0_event__excludeTop3,exclusion_replays,16689,88,15970,55338.27069177484,19,16244.832247511207,2.3283064365386963e-10,0,1260,25,0.05561381187824931,2017-01-04,100000.0,True
A0_event__excludeTop5,exclusion_replays,16527,84,15800,50914.627789050115,19,10713.04728518017,1.7462298274040222e-10,0,1261,25,0.05561381187824931,2017-01-04,100000.0,True
A0_event__excludeTop10,exclusion_replays,17073,83,16323,51361.03531944516,19,7841.937920620979,1.7462298274040222e-10,0,1261,25,0.07288403062643899,2017-01-04,100000.0,True
A0_event__excludeSector_IT_HW,exclusion_replays,17601,121,16883,65501.591374271076,16,14232.715290472373,1.7462298274040222e-10,0,1247,20,0.057130145307532146,2017-01-04,100000.0,True
A0_event__excludeSector_ENERGY,exclusion_replays,16792,71,16060,52656.8084604754,22,17691.360814558597,1.7462298274040222e-10,0,1143,16,0.0685857029051771,2017-01-04,100000.0,True
A0_event__excludeSector_SHIP_DEF,exclusion_replays,16315,88,15622,61395.4803587839,17,1926.952938423452,3.4924596548080444e-10,0,1226,27,0.057232450613915534,2017-01-04,100000.0,True
A0_quarter__excludeTop1,exclusion_replays,7796,97,7086,37259.92115718989,19,10072.805498968242,2.3283064365386963e-10,0,1306,27,0.04827137255350071,2017-01-04,100000.0,True
A0_quarter__excludeTop3,exclusion_replays,7894,90,7175,35095.29731542434,20,9899.590000000051,2.3283064365386963e-10,0,1310,27,0.0480097116766251,2017-01-04,100000.0,True
A0_quarter__excludeTop5,exclusion_replays,7807,83,7089,33752.86984671305,20,8475.899999999927,1.7462298274040222e-10,0,1280,27,0.0480097116766251,2017-01-04,100000.0,True
A0_quarter__excludeTop10,exclusion_replays,8014,87,7283,33765.01217380229,19,5913.31699469583,1.7462298274040222e-10,0,1270,20,0.051396666190327116,2017-01-04,100000.0,True
A0_quarter__excludeSector_IT_HW,exclusion_replays,8111,121,7393,39732.593893226796,16,10597.175365860952,1.7462298274040222e-10,0,1299,16,0.047096342267362444,2017-01-04,100000.0,True
A0_quarter__excludeSector_HEALTH_SVC,exclusion_replays,7955,102,7243,42845.51373491729,19,629.6451325921098,3.4924596548080444e-10,0,1304,24,0.04747575682222638,2017-01-04,100000.0,True
A0_quarter__excludeSector_SEMI,exclusion_replays,8192,100,7435,36772.09224533781,18,8671.539785319865,2.3283064365386963e-10,0,1272,27,0.047703380375703916,2017-01-04,100000.0,True
A0_bimonth__excludeTop1,exclusion_replays,7875,98,7166,37111.98963195465,18,16709.761641233083,2.3283064365386963e-10,0,1248,27,0.048284518212053734,2017-01-04,100000.0,True
A0_bimonth__excludeTop3,exclusion_replays,7902,82,7184,35232.05920326889,18,15301.614135877899,1.1641532182693481e-10,0,1292,27,0.048158276008009426,2017-01-04,100000.0,True
A0_bimonth__excludeTop5,exclusion_replays,7890,82,7174,34460.66059346934,18,13562.45185403223,2.3283064365386963e-10,0,1262,27,0.048158276008009426,2017-01-04,100000.0,True
A0_bimonth__excludeTop10,exclusion_replays,8178,82,7428,34583.92234076527,17,8503.03310935983,1.7462298274040222e-10,0,1262,20,0.04822546116720293,2017-01-04,100000.0,True
A0_bimonth__excludeSector_IT_HW,exclusion_replays,7958,123,7234,42008.85719203485,16,14542.341992659474,1.7462298274040222e-10,0,1186,15,0.04728919873507274,2017-01-04,100000.0,True
A0_bimonth__excludeSector_HEALTH_SVC,exclusion_replays,8198,115,7482,50825.401735599946,17,365.77001704336,2.3283064365386963e-10,0,1254,20,0.05418459414600144,2017-01-04,100000.0,True
A0_bimonth__excludeSector_CONSUMER,exclusion_replays,8011,102,7295,41050.034127466155,18,631.1895710406716,2.3283064365386963e-10,0,1240,20,0.05182035766614227,2017-01-04,100000.0,True
A2_event__excludeTop1,exclusion_replays,17790,287,17134,73648.14067522365,14,22912.598677404032,1.7462298274040222e-10,0,1248,27,0.059967934568866246,2017-01-04,100000.0,True
A2_event__excludeTop3,exclusion_replays,17919,281,17253,74827.13530168349,14,22506.641470227893,1.7462298274040222e-10,0,1247,28,0.059948313000705196,2017-01-04,100000.0,True
A2_event__excludeTop5,exclusion_replays,18029,281,17352,74348.18145548759,14,18218.119793879192,1.7462298274040222e-10,0,1254,29,0.05998151865105379,2017-01-04,100000.0,True
A2_event__excludeTop10,exclusion_replays,18218,273,17530,70897.58030976818,14,19550.03000000014,1.7462298274040222e-10,0,1226,23,0.07008618719192489,2017-01-04,100000.0,True
A2_event__excludeSector_IT_HW,exclusion_replays,17331,219,16651,55579.04218407128,15,13359.885841587871,8.731149137020111e-11,0,1203,23,0.07525813596955258,2017-01-04,100000.0,True
A2_event__excludeSector_HEALTH_SVC,exclusion_replays,17017,353,16384,93749.95368563471,15,32992.50567032372,2.3283064365386963e-10,0,1207,42,0.06965865047444068,2017-01-04,100000.0,True
A2_event__excludeSector_SEMI,exclusion_replays,17071,245,16409,63405.9144264856,12,21446.88673970574,1.7462298274040222e-10,0,1217,23,0.058910206458448314,2017-01-04,100000.0,True
A2_quarter__excludeTop1,exclusion_replays,6705,335,6062,55186.73158815482,13,1245.831271877796,3.4924596548080444e-10,0,963,26,0.047683005573915284,2017-01-04,100000.0,True
A2_quarter__excludeTop3,exclusion_replays,6706,327,6057,55484.39404681355,14,692.9497831948756,2.3283064365386963e-10,0,973,26,0.04774129293085562,2017-01-04,100000.0,True
A2_quarter__excludeTop5,exclusion_replays,6646,334,5991,53677.07322531688,14,15307.025501283559,3.4924596548080444e-10,0,950,26,0.04774129293085562,2017-01-04,100000.0,True
A2_quarter__excludeTop10,exclusion_replays,6795,338,6112,53102.698688419456,15,12279.600000000219,2.3283064365386963e-10,0,966,26,0.047556438649833305,2017-01-04,100000.0,True
A2_quarter__excludeSector_IT_HW,exclusion_replays,6335,320,5692,46978.30381225972,12,24750.602817160147,2.3283064365386963e-10,0,885,24,0.04678741704000268,2017-01-04,100000.0,True
A2_quarter__excludeSector_HEALTH_SVC,exclusion_replays,6185,390,5551,72070.71709657111,13,848.3358994414011,4.656612873077393e-10,0,836,26,0.05511368277853428,2017-01-04,100000.0,True
A2_quarter__excludeSector_SEMI,exclusion_replays,6400,314,5741,50637.40261466536,12,221.99329859774298,3.4924596548080444e-10,0,866,23,0.04859469563484613,2017-01-04,100000.0,True
A2_week__excludeTop1,exclusion_replays,14692,325,14042,79649.49022950348,15,888.0842592462577,3.4924596548080444e-10,0,1065,31,0.051977257803783226,2017-01-04,100000.0,True
A2_week__excludeTop3,exclusion_replays,14736,326,14078,77328.3242074587,15,25703.702933564586,2.3283064365386963e-10,0,1069,31,0.051977257803783226,2017-01-04,100000.0,True
A2_week__excludeTop5,exclusion_replays,14675,324,14020,72353.51896143414,15,20994.90595136274,2.3283064365386963e-10,0,1059,32,0.05319858163183839,2017-01-04,100000.0,True
A2_week__excludeTop10,exclusion_replays,15033,259,14324,59839.2568787073,15,11814.190000000122,1.1641532182693481e-10,0,1036,16,0.07015356287804506,2017-01-04,100000.0,True
A2_week__excludeSector_IT_HW,exclusion_replays,14328,254,13647,55654.022101366325,13,22444.714637682664,1.7462298274040222e-10,0,1070,16,0.06274481026690523,2017-01-04,100000.0,True
A2_week__excludeSector_HEALTH_SVC,exclusion_replays,14243,392,13616,96503.42032030453,14,901.6163432993926,3.4924596548080444e-10,0,1091,44,0.05912963127725532,2017-01-04,100000.0,True
A2_week__excludeSector_SEMI,exclusion_replays,14295,296,13649,67836.64540454024,12,29595.463925420416,2.3283064365386963e-10,0,1051,22,0.052607494067653075,2017-01-04,100000.0,True
B3_w50__excludeTop1,exclusion_replays,10794,132,10473,60959.02419948982,21,11797.232773160358,3.4924596548080444e-10,0,1191,84,0.08933869430942039,2017-01-04,100000.0,True
B3_w50__excludeTop3,exclusion_replays,11512,139,11167,53461.69358580135,22,18919.43451651439,2.3283064365386963e-10,0,1136,84,0.09279746616483048,2017-01-04,100000.0,True
B3_w50__excludeTop5,exclusion_replays,10707,139,10362,58728.837892592834,20,20703.84243601453,2.3283064365386963e-10,0,1090,84,0.08933869430942039,2017-01-04,100000.0,True
B3_w50__excludeTop10,exclusion_replays,10607,102,10270,39076.18074327667,23,10239.258498953222,1.1641532182693481e-10,0,1222,84,0.08933869430942039,2017-01-04,100000.0,True
B3_w50__excludeSector_IT_HW,exclusion_replays,11860,134,11504,53446.21129174504,22,2436.3726819466046,2.3283064365386963e-10,0,1354,84,0.0860481885498302,2017-01-04,100000.0,True
B3_w50__excludeSector_CHEM_STEEL,exclusion_replays,10759,146,10442,74858.28675571101,18,6056.903078963871,3.4924596548080444e-10,0,1158,84,0.08662507626553641,2017-01-04,100000.0,True
B3_w50__excludeSector_CONSUMER,exclusion_replays,10842,148,10525,61566.06638284506,17,59901.66132401048,2.3283064365386963e-10,0,1198,87,0.09075602110089319,2017-01-04,100000.0,True
B3_w55__excludeTop1,exclusion_replays,11224,122,10869,85359.3696570716,23,50126.11792730704,4.656612873077393e-10,0,1035,39,0.05541202896299306,2017-01-04,100000.0,True
B3_w55__excludeTop3,exclusion_replays,12046,101,11677,49404.55219552495,23,6110.526561616165,2.3283064365386963e-10,0,1138,35,0.05435115953382422,2017-01-04,100000.0,True
B3_w55__excludeTop5,exclusion_replays,11830,112,11470,57440.42923020027,22,22231.617475763967,3.4924596548080444e-10,0,1064,48,0.09316461270079691,2017-01-04,100000.0,True
B3_w55__excludeTop10,exclusion_replays,11891,119,11529,58561.00078839366,22,30553.182472931112,3.4924596548080444e-10,0,1069,48,0.09316461270079691,2017-01-04,100000.0,True
B3_w55__excludeSector_IT_HW,exclusion_replays,12114,149,11741,71027.284445744,23,492.78508499376403,2.3283064365386963e-10,0,1179,33,0.055785935680187845,2017-01-04,100000.0,True
B3_w55__excludeSector_SEMI,exclusion_replays,11537,112,11185,47605.60753645858,19,18313.72175138657,2.3283064365386963e-10,0,1107,29,0.06081490210340956,2017-01-04,100000.0,True
B3_w55__excludeSector_CHEM_STEEL,exclusion_replays,11109,111,10737,49117.47705254319,19,24972.177577631013,1.7462298274040222e-10,0,1102,38,0.061249056548916436,2017-01-04,100000.0,True
B3_beta60d3__excludeTop1,exclusion_replays,17957,225,17346,112719.65970023008,12,37635.239999999954,4.656612873077393e-10,0,1324,89,0.08259150173227317,2017-01-04,100000.0,True
B3_beta60d3__excludeTop3,exclusion_replays,17997,228,17383,110850.3077367021,11,659.5249999998487,5.820766091346741e-10,0,1336,87,0.09418845853339891,2017-01-04,100000.0,True
B3_beta60d3__excludeTop5,exclusion_replays,16620,179,16009,71996.28604273086,12,23711.525302035014,2.3283064365386963e-10,0,1262,79,0.083552464223659,2017-01-04,100000.0,True
B3_beta60d3__excludeTop10,exclusion_replays,17422,162,16798,62263.120450029826,15,27245.429999999986,2.3283064365386963e-10,0,1266,71,0.09351251352128835,2017-01-04,100000.0,True
B3_beta60d3__excludeSector_IT_HW,exclusion_replays,18041,197,17414,71215.06510294898,11,9746.71149949809,2.3283064365386963e-10,0,1333,81,0.06247701144752059,2017-01-04,100000.0,True
B3_beta60d3__excludeSector_SHIP_DEF,exclusion_replays,18772,248,18162,110178.74673492573,10,54119.12372675656,3.4924596548080444e-10,0,1299,88,0.07099677679525253,2017-01-04,100000.0,True
B3_beta60d3__excludeSector_ENERGY,exclusion_replays,17776,228,17182,87110.69204938157,9,776.4722377559701,3.4924596548080444e-10,0,1272,76,0.11430438671551076,2017-01-04,100000.0,True
