variant,excludedYear,logGrowthShare,method,days,CAGR,MDD,Sharpe,totalReturn,SPY_CAGR,excessCAGR,annualTurnover
A0_event,2017,-0.060593241216005,contribution-chain removal only; NOT portfolio replay,2192,0.2302001181000033,-0.4310592515590944,0.7210525290736693,5.062424337954395,0.14700622255811813,0.08319389554188517,12.45965179580043
A0_event,2018,-0.24750897020571597,contribution-chain removal only; NOT portfolio replay,2191,0.2760894642593448,-0.4189977915987847,0.8175373292591389,7.328706191300837,0.1814828203310448,0.09460664392829998,12.576766906979048
A0_event,2019,0.3795139478368311,contribution-chain removal only; NOT portfolio replay,2190,0.12898248285123137,-0.6754297624645051,0.5051922931126411,1.8699668985709765,0.1337555765138121,-0.0047730936625807185,13.09909797003921
A0_event,2020,0.2060098831984608,contribution-chain removal only; NOT portfolio replay,2189,0.16802117891293533,-0.4775472244632911,0.6023577566605764,2.853995416435134,0.15032479848344393,0.0176963804294914,12.770134788858858
A0_event,2021,-0.053908294227350384,contribution-chain removal only; NOT portfolio replay,2190,0.22882573048233468,-0.4775472244632911,0.7318917936279667,4.9939524187286075,0.1391378010962343,0.08968792938610037,12.24007680264792
A0_event,2022,0.04056116571730253,contribution-chain removal only; NOT portfolio replay,2191,0.2062336717288984,-0.4775472244632911,0.6865525124890618,4.105064065588724,0.19957239898871615,0.006661272740182245,12.711710830097669
A0_event,2023,0.111105711288455,contribution-chain removal only; NOT portfolio replay,2192,0.18962375888209237,-0.4775472244632911,0.6405208555943043,3.528392646059406,0.14303627864859347,0.0465874802334989,12.737525571694823
A0_event,2024,0.18032549503942508,contribution-chain removal only; NOT portfolio replay,2190,0.1738182334410565,-0.4775472244632911,0.6133810039340498,3.025914443157461,0.14138575038913248,0.03243248305192403,12.406998749619452
A0_event,2025,0.27336460631650394,contribution-chain removal only; NOT portfolio replay,2192,0.15250905000670278,-0.4775472244632911,0.5705825566185564,2.437224887247053,0.1506701563740913,0.0018388936326114713,12.751442387001031
A0_event,2026,0.17112969625209282,contribution-chain removal only; NOT portfolio replay,2261,0.16996148201112082,-0.4775472244632911,0.6126110497848452,3.0893136385632545,0.1503156751243011,0.019645806886819717,12.420345417705288
A0_quarter,2017,-0.0719776153602794,contribution-chain removal only; NOT portfolio replay,2192,0.29337664996153734,-0.4136596309316606,0.8347361640571926,8.371957251955154,0.14700622255811813,0.1463704274034192,8.049169305536019
A0_quarter,2018,-0.19305073502604417,contribution-chain removal only; NOT portfolio replay,2191,0.33168161809978325,-0.38304831727042843,0.9104172402520606,11.066808208926368,0.1814828203310448,0.15019879776873846,8.174341721052865
A0_quarter,2019,0.33609220536290224,contribution-chain removal only; NOT portfolio replay,2190,0.17289148954826117,-0.6604564287313103,0.5961665166863719,2.9983753992277973,0.1337555765138121,0.03913591303444908,8.548600197917898
A0_quarter,2020,0.16140234956595562,contribution-chain removal only; NOT portfolio replay,2189,0.22326676029939563,-0.4821288816156535,0.7135761837197392,4.757757636405477,0.15032479848344393,0.0729419618159517,8.325439187455652
A0_quarter,2021,-0.0363920790115981,contribution-chain removal only; NOT portfolio replay,2190,0.282669653500764,-0.4821288816156535,0.8297871931734624,7.701002002387169,0.1391378010962343,0.1435318524045297,7.97228867806226
A0_quarter,2022,0.02012619087402365,contribution-chain removal only; NOT portfolio replay,2191,0.265238117679067,-0.4821288816156535,0.7978952069682742,6.732698949449812,0.19957239898871615,0.06566571869035087,8.291385901774078
A0_quarter,2023,0.10762390912400828,contribution-chain removal only; NOT portfolio replay,2192,0.23881472052805663,-0.4821288816156535,0.7340304101691532,5.4418065645289655,0.14303627864859347,0.09577844187946316,8.387252529964579
A0_quarter,2024,0.31530012159160986,contribution-chain removal only; NOT portfolio replay,2190,0.178763916655845,-0.4821288816156535,0.6275806043584756,3.1757375273425037,0.14138575038913248,0.03737816626671253,8.184068188872828
A0_quarter,2025,0.20531358236301556,contribution-chain removal only; NOT portfolio replay,2192,0.21010991630953368,-0.4821288816156535,0.6921490939555494,4.253448320110833,0.1506701563740913,0.05943975993544237,8.404204947176506
A0_quarter,2026,0.1555620705164068,contribution-chain removal only; NOT portfolio replay,2261,0.21709433243552856,-0.4821288816156535,0.7089703461630762,4.8283824649275315,0.1503156751243011,0.06677865731122745,8.1279382879821
A0_bimonth,2017,-0.06075529198372682,contribution-chain removal only; NOT portfolio replay,2192,0.27910036534998217,-0.4126310393933271,0.8115869902384307,7.509431176050359,0.14700622255811813,0.13209414279186404,8.358039117742972
A0_bimonth,2018,-0.18892258800087336,contribution-chain removal only; NOT portfolio replay,2191,0.31788106168742236,-0.37503855429325017,0.8898218787874151,10.021916327662648,0.1814828203310448,0.13639824135637757,8.52719862288256
A0_bimonth,2019,0.35200677611142417,contribution-chain removal only; NOT portfolio replay,2190,0.16242632967944304,-0.6385670471919092,0.5757681609086178,2.698765400650297,0.1337555765138121,0.028670753165630947,8.88049237461705
A0_bimonth,2020,0.1588832403351314,contribution-chain removal only; NOT portfolio replay,2189,0.21586476716113645,-0.45610002580027076,0.7008271114342501,4.462061739998197,0.15032479848344393,0.06553996867769252,8.678817192969364
A0_bimonth,2021,-0.033285063520764074,contribution-chain removal only; NOT portfolio replay,2190,0.271250775026727,-0.45610002580027076,0.811394646176705,7.050429084804268,0.1391378010962343,0.1321129739304927,8.305792150098656
A0_bimonth,2022,-0.019894415342280158,contribution-chain removal only; NOT portfolio replay,2191,0.2671659989849948,-0.45610002580027076,0.8054131127446861,6.835744215618486,0.19957239898871615,0.06759359999627867,8.536448952733291
A0_bimonth,2023,0.11387713661935188,contribution-chain removal only; NOT portfolio replay,2192,0.22830122843700962,-0.45610002580027076,0.7161633361892101,4.981508938618993,0.14303627864859347,0.08526494978841614,8.707078956035872
A0_bimonth,2024,0.31817702241696827,contribution-chain removal only; NOT portfolio replay,2190,0.17159623939268687,-0.45610002580027076,0.6146747286905766,2.960165190862032,0.14138575038913248,0.030210489003554386,8.489259543790945
A0_bimonth,2025,0.20289871479006338,contribution-chain removal only; NOT portfolio replay,2192,0.20318704877260152,-0.45610002580027076,0.6798005707474949,3.9977080087999957,0.1506701563740913,0.052516892398510207,8.696643133184947
A0_bimonth,2026,0.15701446857470544,contribution-chain removal only; NOT portfolio replay,2261,0.2088286667401169,-0.45610002580027076,0.6924526423766302,4.482704569331018,0.1503156751243011,0.0585129916158158,8.4813639766013
A2_event,2017,0.06350874630497583,contribution-chain removal only; NOT portfolio replay,2192,0.16158895396881356,-0.5972480205498698,0.5744572561088354,2.680046119831531,0.14700622255811813,0.014582731410695438,15.043302886651222
A2_event,2018,-0.13360871105801422,contribution-chain removal only; NOT portfolio replay,2191,0.19889456186800492,-0.5972480205498698,0.6566949996942081,3.8412436806551593,0.1814828203310448,0.017411741536960124,14.864463592037463
A2_event,2019,0.443498652629379,contribution-chain removal only; NOT portfolio replay,2190,0.09318116251421937,-0.5972480205498694,0.4231730994015573,1.1689678581730298,0.1337555765138121,-0.04057441399959272,15.240104509002412
A2_event,2020,0.27390154935579314,contribution-chain removal only; NOT portfolio replay,2189,0.12332871864786399,-0.5972480205498689,0.4980642186473278,1.746175309087966,0.15032479848344393,-0.026996079835579945,14.99216046629271
A2_event,2021,-0.05638035322057544,contribution-chain removal only; NOT portfolio replay,2190,0.18426111567303782,-0.4646256398412565,0.6342663574570102,3.3480395657605246,0.1391378010962343,0.04512331457680352,14.366338812454138
A2_event,2022,-0.20815404363495438,contribution-chain removal only; NOT portfolio replay,2191,0.21328149627181614,-0.4646256398412566,0.6983528133073884,4.370308598533959,0.19957239898871615,0.013709097283099991,13.699783535523975
A2_event,2023,0.0866178810623775,contribution-chain removal only; NOT portfolio replay,2192,0.15730337446592535,-0.5718742321010737,0.5703784286697523,2.563609428134365,0.14303627864859347,0.014267095817331876,15.02714202829725
A2_event,2024,0.47607960442748004,contribution-chain removal only; NOT portfolio replay,2190,0.08749399558731796,-0.6873047093401911,0.41104070981481816,1.0728449931830397,0.14138575038913248,-0.05389175480181452,14.942829363308798
A2_event,2025,0.051553530015882004,contribution-chain removal only; NOT portfolio replay,2192,0.1638122688945962,-0.5972480205498706,0.5964306517219354,2.7417685936064786,0.1506701563740913,0.0131421125205049,14.705241365329195
A2_event,2026,0.0029831441176564806,contribution-chain removal only; NOT portfolio replay,2261,0.1671946377583946,-0.5972480205498706,0.5985338925630418,3.003358307532059,0.1503156751243011,0.016878962634093497,14.597565482242736
A2_quarter,2017,0.03411250431811021,contribution-chain removal only; NOT portfolio replay,2192,0.2870131328809067,-0.5842435184553163,0.8276189146253256,7.978379783563547,0.14700622255811813,0.14000691032278856,8.925050978347693
A2_quarter,2018,-0.07599242321790645,contribution-chain removal only; NOT portfolio replay,2191,0.32473937752728976,-0.5842435184553172,0.9041708261643685,10.530718662292356,0.1814828203310448,0.14325655719624497,8.920999475955401
A2_quarter,2019,0.2608680462534821,contribution-chain removal only; NOT portfolio replay,2190,0.2132028719220369,-0.5842435184553162,0.6819589491201882,4.363168878582011,0.1337555765138121,0.07944729540822482,9.03673598318638
A2_quarter,2020,0.20247654127679082,contribution-chain removal only; NOT portfolio replay,2189,0.23198537471663938,-0.5842435184553165,0.739830125227431,5.124150408634813,0.15032479848344393,0.08166057623319545,8.917306351422614
A2_quarter,2021,-0.015430564698010133,contribution-chain removal only; NOT portfolio replay,2190,0.3040943240894167,-0.41963228942682573,0.8806448764033373,9.048243710187176,0.1391378010962343,0.16495652299318242,8.611295459947868
A2_quarter,2022,-0.09631403378187067,contribution-chain removal only; NOT portfolio replay,2191,0.3317939841224238,-0.48252697099684727,0.9310632511851675,11.07566364264906,0.19957239898871615,0.13222158513370763,8.278283347386132
A2_quarter,2023,0.057959468888807326,contribution-chain removal only; NOT portfolio replay,2192,0.279020382014185,-0.5611789125556846,0.8238168107657077,7.504803841508277,0.14303627864859347,0.13598410336559152,8.966400074974446
A2_quarter,2024,0.4175510314582852,contribution-chain removal only; NOT portfolio replay,2190,0.16450408835714359,-0.6371858909445025,0.5985309914480577,2.756617165766283,0.14138575038913248,0.023118337968011105,9.088724688427856
A2_quarter,2025,0.11507664777882777,contribution-chain removal only; NOT portfolio replay,2192,0.2600777454673109,-0.5842435184553176,0.8084319211834563,6.469602820780616,0.1506701563740913,0.10940758909321957,8.954112710955519
A2_quarter,2026,0.0996927817234839,contribution-chain removal only; NOT portfolio replay,2261,0.256103868205793,-0.5842435184553176,0.7911708678182807,6.735337506798543,0.1503156751243011,0.1057881930814919,8.790746648308833
A2_week,2017,0.041414704589924176,contribution-chain removal only; NOT portfolio replay,2192,0.24025402207592994,-0.5393638810176591,0.7455988819215015,5.507200285407676,0.14700622255811813,0.09324779951781181,13.102317179798957
A2_week,2018,-0.08851900437541156,contribution-chain removal only; NOT portfolio replay,2191,0.27712742152020464,-0.5393638810176595,0.8258525824734572,7.387791172220723,0.1814828203310448,0.09564460118915985,13.032411009099402
A2_week,2019,0.31483559465623173,contribution-chain removal only; NOT portfolio replay,2190,0.16653907517392885,-0.5682090318679557,0.5899660628573703,2.814052737327184,0.1337555765138121,0.03278349866011676,13.279768685718427
A2_week,2020,0.18420451937423268,contribution-chain removal only; NOT portfolio replay,2189,0.20140785327690414,-0.5393638810176591,0.6817811129633101,3.9230230546710967,0.15032479848344393,0.0510830547934602,12.966743612011335
A2_week,2021,0.009685253112210144,contribution-chain removal only; NOT portfolio replay,2190,0.24937870140727258,-0.39551279018051155,0.7828827786211938,5.923373434753418,0.1391378010962343,0.11024090031103828,12.684580677627116
A2_week,2022,-0.12913686187053364,contribution-chain removal only; NOT portfolio replay,2191,0.2888380162006239,-0.4071630417218196,0.8675895889466052,8.080574493584821,0.19957239898871615,0.08926561721190773,12.132013485086684
A2_week,2023,0.0819965617840053,contribution-chain removal only; NOT portfolio replay,2192,0.22899992526894364,-0.5178471055388193,0.732654715519044,5.011169934562716,0.14303627864859347,0.08596364662035016,13.114393483061463
A2_week,2024,0.36445404976756157,contribution-chain removal only; NOT portfolio replay,2190,0.1535981649840863,-0.5682360133992829,0.5700139849766784,2.461653913784662,0.14138575038913248,0.012212414594953813,13.092146336016485
A2_week,2025,0.14479395927953634,contribution-chain removal only; NOT portfolio replay,2192,0.21178599209327942,-0.5393638810176593,0.7114158466169287,4.317079456907624,0.1506701563740913,0.061115835719188105,13.080089956017995
A2_week,2026,0.07627122368224334,contribution-chain removal only; NOT portfolio replay,2261,0.22281406849212604,-0.5393638810176593,0.7328830151504467,5.078790293185427,0.1503156751243011,0.07249839336782493,12.680169587818261
B3_w50,2017,0.22510370724151493,contribution-chain removal only; NOT portfolio replay,2192,0.16230274184887228,-0.5739697527364072,0.5755802190303544,2.699762963885429,0.14700622255811813,0.015296519290754151,7.530620522737328
B3_w50,2018,-0.12408874470460403,contribution-chain removal only; NOT portfolio replay,2191,0.24393419741184297,-0.5739697527364069,0.7498135806525558,5.671304925435126,0.1814828203310448,0.062451377080798176,7.5562023930622
B3_w50,2019,0.24571335356944554,contribution-chain removal only; NOT portfolio replay,2190,0.15781735316947487,-0.5739697527364067,0.5666650266674634,2.5732415685777705,0.1337555765138121,0.02406177665566278,7.47368719472349
B3_w50,2020,0.5770222389157376,contribution-chain removal only; NOT portfolio replay,2189,0.08568399546112437,-0.5739697527364074,0.408384420857615,1.0423876609302019,0.15032479848344393,-0.06464080302231956,7.455298818941744
B3_w50,2021,0.08274938487404924,contribution-chain removal only; NOT portfolio replay,2190,0.19505946734520596,-0.4584194821108135,0.6659065017051611,3.704914684737421,0.1391378010962343,0.05592166624897166,7.388554678992532
B3_w50,2022,-0.10270215447416418,contribution-chain removal only; NOT portfolio replay,2191,0.2387789558187865,-0.49330770940325475,0.7552113196680589,5.434719101662392,0.19957239898871615,0.03920655683007035,6.902709875907236
B3_w50,2023,0.04330448567754056,contribution-chain removal only; NOT portfolio replay,2192,0.20404822571104786,-0.6040061227415461,0.6669581452933582,4.028908892881236,0.14303627864859347,0.061011947062454386,7.278508720446491
B3_w50,2024,0.06327032491243943,contribution-chain removal only; NOT portfolio replay,2190,0.1995904178468484,-0.6171320578991355,0.6627292266989558,3.86221658819617,0.14138575038913248,0.05820466745771591,7.53062615182469
B3_w50,2025,-0.077728693144847,contribution-chain removal only; NOT portfolio replay,2192,0.2326684400832597,-0.5394019624918336,0.7427121683146476,5.16905168351589,0.1506701563740913,0.0819982837091684,7.307830711030515
B3_w50,2026,0.06735609713288779,contribution-chain removal only; NOT portfolio replay,2261,0.19183818327874147,-0.5739697527364074,0.6508049642495503,3.828792097213893,0.1503156751243011,0.04152250815444036,7.287322321849666
B3_w55,2017,0.15336004290523916,contribution-chain removal only; NOT portfolio replay,2192,0.2717239547197168,-0.5105472578972603,0.7992596791792341,7.091929841972574,0.14700622255811813,0.12471773216159865,7.724099859579031
B3_w55,2018,-0.09161637106835696,contribution-chain removal only; NOT portfolio replay,2191,0.36351681223774723,-0.510547257897261,0.9852723641178465,13.818294155576828,0.1814828203310448,0.18203399190670244,7.6303169097981804
B3_w55,2019,0.17710902044821436,contribution-chain removal only; NOT portfolio replay,2190,0.2634475118955484,-0.6571142560130336,0.7841677911532912,6.630982676080523,0.1337555765138121,0.1296919353817363,7.836087467353122
B3_w55,2020,0.3088391233802948,contribution-chain removal only; NOT portfolio replay,2189,0.2171348088259697,-0.5105472578972599,0.7200193393181038,4.5118215319003845,0.15032479848344393,0.06681001034252576,7.8102858004069065
B3_w55,2021,0.07527873284971795,contribution-chain removal only; NOT portfolio replay,2190,0.30054266364048154,-0.46898683658609364,0.8958559649273994,8.812894961321035,0.1391378010962343,0.16140486254424724,7.326370727285188
B3_w55,2022,-0.049947076531215794,contribution-chain removal only; NOT portfolio replay,2191,0.34747346789888,-0.46898683658609364,0.959372215524868,12.369229531136565,0.19957239898871615,0.14790106891016386,7.400116063007363
B3_w55,2023,0.02231026596781556,contribution-chain removal only; NOT portfolio replay,2192,0.31993219323913435,-0.46898683658609364,0.9012092842479317,10.184272887131666,0.14303627864859347,0.17689591459054088,7.573523022685543
B3_w55,2024,0.21890051743530206,contribution-chain removal only; NOT portfolio replay,2190,0.24853149186673384,-0.6079509743669722,0.7641431574823441,5.882679854985453,0.14138575038913248,0.10714574147760136,7.922896087236713
B3_w55,2025,0.09975168363059857,contribution-chain removal only; NOT portfolio replay,2192,0.2912278911364661,-0.5105472578972599,0.86866102392055,8.237384504045023,0.1506701563740913,0.14055773476237476,7.6445203375433834
B3_w55,2026,0.0860140609823903,contribution-chain removal only; NOT portfolio replay,2261,0.286049134447119,-0.5105472578972599,0.8544515961644291,8.556153577969157,0.1503156751243011,0.13573345932281788,7.339189524071697
B3_beta60d3,2017,0.0830063535720395,contribution-chain removal only; NOT portfolio replay,2192,0.25112345887638465,-0.460863552881548,0.7308227814188132,6.020321652112744,0.14700622255811813,0.10411723631826653,12.435169332001127
B3_beta60d3,2018,-0.11516555255767907,contribution-chain removal only; NOT portfolio replay,2191,0.3133538639751532,-0.4608635528815481,0.8475048330854885,9.697039563391424,0.1814828203310448,0.1318710436441084,12.78853205195537
B3_beta60d3,2019,0.23638129733335195,contribution-chain removal only; NOT portfolio replay,2190,0.2053131300147788,-0.5958456485337984,0.645918277275174,4.0675336568572265,0.1337555765138121,0.07155755350096671,12.966542306829274
B3_beta60d3,2020,0.3893767396254499,contribution-chain removal only; NOT portfolio replay,2189,0.16112955589647848,-0.46086355288154823,0.56962218309416,2.6608888314657575,0.15032479848344393,0.01080475741303455,12.239587995886714
B3_beta60d3,2021,0.02416844922518158,contribution-chain removal only; NOT portfolio replay,2190,0.2695151479827813,-0.4608635528815478,0.7796093273287924,6.955410457710906,0.1391378010962343,0.130377346886547,12.393856885274186
B3_beta60d3,2022,-0.038742124423881606,contribution-chain removal only; NOT portfolio replay,2191,0.28904753922436144,-0.46086355288154845,0.8201804385946923,8.093417308188087,0.19957239898871615,0.08947514023564529,12.416026819528266
B3_beta60d3,2023,0.205096231565983,contribution-chain removal only; NOT portfolio replay,2192,0.21435448298927584,-0.4608635528815478,0.6704389800121214,4.415914479700664,0.14303627864859347,0.07131820434068237,12.512192631032024
B3_beta60d3,2024,0.18141789087692411,contribution-chain removal only; NOT portfolio replay,2190,0.22162316406273086,-0.4601398712580176,0.6867637922357575,4.69542556341287,0.14138575038913248,0.08023741367359838,12.719305181200385
B3_beta60d3,2025,-0.016116279909608483,contribution-chain removal only; NOT portfolio replay,2192,0.28179286758079014,-0.4601398712580176,0.8159725155786755,7.666508380599993,0.1506701563740913,0.13112271120669883,12.470688628977111
B3_beta60d3,2026,0.05057699469223907,contribution-chain removal only; NOT portfolio replay,2261,0.2521801330463649,-0.460863552881548,0.7554665249362478,6.521220383930876,0.1503156751243011,0.10186445792206378,12.156130262923659
