blockDays,candidate,reference,deltaCAGR,individualLow,individualHigh,simultaneousLow,simultaneousHigh,B,seed,familySize,maxTCritical,method
21,A0_quarter,A0_event,0.048721820649600955,-0.014190748405752861,0.13222148089063646,-0.06188179885251803,0.15932544015171995,10000,3821,15,2.984295253237099,paired circular blocks; centered fixed-bootstrap-SE max-T approximation; historical saved paths
21,A0_bimonth,A0_event,0.039929793693543436,-0.024028895852316923,0.12027255453593574,-0.06888491075199715,0.14874449813908402,10000,3821,15,2.984295253237099,paired circular blocks; centered fixed-bootstrap-SE max-T approximation; historical saved paths
21,A2_quarter,A2_event,0.10987547335791503,0.029324012818082834,0.21915828852696337,-0.03570652681085221,0.25545747352668224,10000,3821,15,2.984295253237099,paired circular blocks; centered fixed-bootstrap-SE max-T approximation; historical saved paths
21,A2_week,A2_event,0.0689968803557961,0.017345591208289764,0.12566959590857843,-0.013555780728360778,0.15154954143995297,10000,3821,15,2.984295253237099,paired circular blocks; centered fixed-bootstrap-SE max-T approximation; historical saved paths
21,B3_w55,B3_w50,0.09994420309492624,-0.03657876299931954,0.257308018665082,-0.12317166148634698,0.32306006767619944,10000,3821,15,2.984295253237099,paired circular blocks; centered fixed-bootstrap-SE max-T approximation; historical saved paths
21,B3_beta60d3,B3_w50,0.054894554742981105,-0.10102757782572895,0.22482611120833085,-0.1904896858901107,0.30027879537607294,10000,3821,15,2.984295253237099,paired circular blocks; centered fixed-bootstrap-SE max-T approximation; historical saved paths
21,A0_quarter,A0_bimonth,0.00879202695605752,-0.023142535548143245,0.043724185598133986,-0.04190420635403749,0.05948826026615253,10000,3821,15,2.984295253237099,paired circular blocks; centered fixed-bootstrap-SE max-T approximation; historical saved paths
21,A2_quarter,A2_week,0.040878593002118935,-0.026743375255037304,0.1381116503641611,-0.0830820127994277,0.16483919880366557,10000,3821,15,2.984295253237099,paired circular blocks; centered fixed-bootstrap-SE max-T approximation; historical saved paths
21,B3_w55,B3_beta60d3,0.04504964835194514,-0.14171579801861392,0.23060834424324422,-0.23768111495931726,0.32778041166320754,10000,3821,15,2.984295253237099,paired circular blocks; centered fixed-bootstrap-SE max-T approximation; historical saved paths
21,A0_quarter,SPY,0.0868794507685271,-0.11903333414213785,0.3472973770656804,-0.26691700169494326,0.44067590323199746,10000,3821,15,2.984295253237099,paired circular blocks; centered fixed-bootstrap-SE max-T approximation; historical saved paths
21,A0_bimonth,SPY,0.07808742381246958,-0.12230114183697417,0.3323382904361942,-0.26689418398001596,0.4230690316049551,10000,3821,15,2.984295253237099,paired circular blocks; centered fixed-bootstrap-SE max-T approximation; historical saved paths
21,A2_quarter,SPY,0.11076905342693344,-0.10535015760840086,0.39267396063940246,-0.26891527465062137,0.49045338150448825,10000,3821,15,2.984295253237099,paired circular blocks; centered fixed-bootstrap-SE max-T approximation; historical saved paths
21,A2_week,SPY,0.0698904604248145,-0.12205136885768798,0.30462338295579017,-0.25537882900805,0.395159749857679,10000,3821,15,2.984295253237099,paired circular blocks; centered fixed-bootstrap-SE max-T approximation; historical saved paths
21,B3_w55,SPY,0.13676981414146527,-0.07701817712391015,0.41793001230593474,-0.24121793449939338,0.514757562782324,10000,3821,15,2.984295253237099,paired circular blocks; centered fixed-bootstrap-SE max-T approximation; historical saved paths
21,B3_beta60d3,SPY,0.09172016578952014,-0.12062257562136545,0.36940847956548245,-0.28108101198750113,0.4645213435665414,10000,3821,15,2.984295253237099,paired circular blocks; centered fixed-bootstrap-SE max-T approximation; historical saved paths
63,A0_quarter,A0_event,0.048721820649600955,-0.017186344842471567,0.14149356276756023,-0.07102314136295759,0.1684667826621595,10000,3863,15,2.9622837361038328,paired circular blocks; centered fixed-bootstrap-SE max-T approximation; historical saved paths
63,A0_bimonth,A0_event,0.039929793693543436,-0.025689481016208784,0.1311633523287545,-0.07862732524941284,0.15848691263649972,10000,3863,15,2.9622837361038328,paired circular blocks; centered fixed-bootstrap-SE max-T approximation; historical saved paths
63,A2_quarter,A2_event,0.10987547335791503,0.02848450848522596,0.23419008567652572,-0.045618680119064475,0.2653696268348945,10000,3863,15,2.9622837361038328,paired circular blocks; centered fixed-bootstrap-SE max-T approximation; historical saved paths
63,A2_week,A2_event,0.0689968803557961,0.021011259284905656,0.12806225268189042,-0.012128521463210917,0.1501222821748031,10000,3863,15,2.9622837361038328,paired circular blocks; centered fixed-bootstrap-SE max-T approximation; historical saved paths
63,B3_w55,B3_w50,0.09994420309492624,-0.03284040499914195,0.2568052117758546,-0.11644231412689962,0.31633072031675213,10000,3863,15,2.9622837361038328,paired circular blocks; centered fixed-bootstrap-SE max-T approximation; historical saved paths
63,B3_beta60d3,B3_w50,0.054894554742981105,-0.08770658843175651,0.2036357998479949,-0.16344205755995833,0.27323116704592054,10000,3863,15,2.9622837361038328,paired circular blocks; centered fixed-bootstrap-SE max-T approximation; historical saved paths
63,A0_quarter,A0_bimonth,0.00879202695605752,-0.023058409536783318,0.04098157712353544,-0.039257960598063586,0.056842014510178625,10000,3863,15,2.9622837361038328,paired circular blocks; centered fixed-bootstrap-SE max-T approximation; historical saved paths
63,A2_quarter,A2_week,0.040878593002118935,-0.024789960702283176,0.13887860917485842,-0.08433471545013882,0.1660919014543767,10000,3863,15,2.9622837361038328,paired circular blocks; centered fixed-bootstrap-SE max-T approximation; historical saved paths
63,B3_w55,B3_beta60d3,0.04504964835194514,-0.12030175239089215,0.22526142864647888,-0.21302488617061993,0.3031241828745102,10000,3863,15,2.9622837361038328,paired circular blocks; centered fixed-bootstrap-SE max-T approximation; historical saved paths
63,A0_quarter,SPY,0.0868794507685271,-0.12172308037529206,0.3645545532915092,-0.2802797575304056,0.4540386590674598,10000,3863,15,2.9622837361038328,paired circular blocks; centered fixed-bootstrap-SE max-T approximation; historical saved paths
63,A0_bimonth,SPY,0.07808742381246958,-0.12604424470911654,0.35054513848693397,-0.28271907171742483,0.438893919342364,10000,3863,15,2.9622837361038328,paired circular blocks; centered fixed-bootstrap-SE max-T approximation; historical saved paths
63,A2_quarter,SPY,0.11076905342693344,-0.10787758233835981,0.42624740175777703,-0.29281709022798347,0.5143551970818503,10000,3863,15,2.9622837361038328,paired circular blocks; centered fixed-bootstrap-SE max-T approximation; historical saved paths
63,A2_week,SPY,0.0698904604248145,-0.12260830672651814,0.3216535323677948,-0.26849557530173696,0.40827649615136596,10000,3863,15,2.9622837361038328,paired circular blocks; centered fixed-bootstrap-SE max-T approximation; historical saved paths
63,B3_w55,SPY,0.13676981414146527,-0.08712857087446578,0.4587607299206372,-0.2746399457897094,0.54817957407264,10000,3863,15,2.9622837361038328,paired circular blocks; centered fixed-bootstrap-SE max-T approximation; historical saved paths
63,B3_beta60d3,SPY,0.09172016578952014,-0.11162982895271144,0.36385550711055564,-0.26704136125721756,0.45048169283625783,10000,3863,15,2.9622837361038328,paired circular blocks; centered fixed-bootstrap-SE max-T approximation; historical saved paths
