variant,window,windows,medianCAGR,worstCAGR,medianMDD,fractionBeatingSPY
A0_bimonth,3y_756_sessions,81,0.2122444632278304,-0.0092981190803338,-0.3666020459277312,0.7037037037037037
A0_bimonth,5y_1260_sessions,57,0.1756749403712862,0.0656592229393262,-0.37503855429325,0.8421052631578947
A0_event,3y_756_sessions,81,0.1949012143863346,-0.0442845616263222,-0.3768762333280036,0.6666666666666666
A0_event,5y_1260_sessions,57,0.1721982054851034,0.0536844192186294,-0.4189977915987846,0.8421052631578947
A0_quarter,3y_756_sessions,81,0.2270268296829998,-0.0275196752391962,-0.3635017938555629,0.7407407407407407
A0_quarter,5y_1260_sessions,57,0.2042498446168021,0.05729500861017,-0.3830483172704284,0.9122807017543859
A2_event,3y_756_sessions,81,0.1771558913229467,-0.1691151015337472,-0.4646256398412566,0.6296296296296297
A2_event,5y_1260_sessions,57,0.1133691180451859,0.0487138151262407,-0.5958743802985085,0.3333333333333333
A2_quarter,3y_756_sessions,81,0.2180665244581463,-0.1568005647830075,-0.4196322894268258,0.7283950617283951
A2_quarter,5y_1260_sessions,57,0.1754610611806621,0.0930650661247116,-0.5785179401114507,0.8421052631578947
A2_week,3y_756_sessions,81,0.210321338029239,-0.1245814495779719,-0.3955127901805116,0.6666666666666666
A2_week,5y_1260_sessions,57,0.1635819825459536,0.0831530169859504,-0.5393638810176588,0.7543859649122807
B3_beta60d3,3y_756_sessions,81,0.3154457873568181,-0.005935833110107,-0.4186640630041087,0.9382716049382716
B3_beta60d3,5y_1260_sessions,57,0.2696456800155078,0.1277698052699487,-0.4601398712580171,0.9824561403508771
B3_w50,3y_756_sessions,81,0.2201527473013471,-0.1219210612521468,-0.4584194821108134,0.5555555555555556
B3_w50,5y_1260_sessions,57,0.265105705934396,-0.0365497763565976,-0.5127662002622104,0.7894736842105263
B3_w55,3y_756_sessions,81,0.3143485603869418,-0.0961657978064645,-0.4564293575238389,0.8395061728395061
B3_w55,5y_1260_sessions,57,0.2850065470223533,0.1017159927720445,-0.4689868365860944,0.9824561403508771
