variant,sector,netPnlUSD,share,classification
A0_event,IT_HW,239146.0451012429,0.5350848395017254,"mapping v2 snapshot, not historical PIT sector"
A0_event,ENERGY,47348.92003693148,0.10594233021004215,"mapping v2 snapshot, not historical PIT sector"
A0_event,SHIP_DEF,42443.9540776919,0.09496755986855472,"mapping v2 snapshot, not historical PIT sector"
A0_event,CONSUMER,32831.216975964,0.07345923892988819,"mapping v2 snapshot, not historical PIT sector"
A0_event,HEALTH_SVC,32763.651408859314,0.07330806222690424,"mapping v2 snapshot, not historical PIT sector"
A0_event,CONSTRUCT,26754.73570476548,0.05986322481074187,"mapping v2 snapshot, not historical PIT sector"
A0_event,SEMI,24933.760728278776,0.05578882708186643,"mapping v2 snapshot, not historical PIT sector"
A0_event,BIO,16467.378104471885,0.036845453021459015,"mapping v2 snapshot, not historical PIT sector"
A0_event,CHEM_STEEL,12148.979111276469,0.027183115385057216,"mapping v2 snapshot, not historical PIT sector"
A0_event,SOFTWARE,11897.363584853032,0.026620130312419162,"mapping v2 snapshot, not historical PIT sector"
A0_event,TELCO_MEDIA,3938.357200000003,0.008812001174304654,"mapping v2 snapshot, not historical PIT sector"
A0_event,FINANCE,-1692.3362020648246,-0.003786570857491926,"mapping v2 snapshot, not historical PIT sector"
A0_event,AUTO,-9162.858085770324,-0.020501724986193463,"mapping v2 snapshot, not historical PIT sector"
A0_event,BATTERY,-32888.08795000001,-0.07358648667927697,"mapping v2 snapshot, not historical PIT sector"
A0_quarter,IT_HW,378211.1955503801,0.5353692325038618,"mapping v2 snapshot, not historical PIT sector"
A0_quarter,HEALTH_SVC,89679.28664775894,0.1269437061328585,"mapping v2 snapshot, not historical PIT sector"
A0_quarter,SEMI,61886.18255653227,0.08760173799104574,"mapping v2 snapshot, not historical PIT sector"
A0_quarter,SOFTWARE,52396.964304434594,0.07416946641247886,"mapping v2 snapshot, not historical PIT sector"
A0_quarter,CONSUMER,49292.77099742091,0.06977538816235956,"mapping v2 snapshot, not historical PIT sector"
A0_quarter,SHIP_DEF,46687.11096321858,0.06608699863532067,"mapping v2 snapshot, not historical PIT sector"
A0_quarter,CONSTRUCT,38875.32188844259,0.05502917810899046,"mapping v2 snapshot, not historical PIT sector"
A0_quarter,BIO,19973.148730745514,0.02827258799439831,"mapping v2 snapshot, not historical PIT sector"
A0_quarter,FINANCE,17684.951672038125,0.025033576781747446,"mapping v2 snapshot, not historical PIT sector"
A0_quarter,ENERGY,14639.223947297283,0.02072225830785253,"mapping v2 snapshot, not historical PIT sector"
A0_quarter,TELCO_MEDIA,1072.328292500003,0.001517912694552773,"mapping v2 snapshot, not historical PIT sector"
A0_quarter,CHEM_STEEL,-14759.536270825023,-0.020892563991728622,"mapping v2 snapshot, not historical PIT sector"
A0_quarter,AUTO,-17511.224246696667,-0.02478766042743493,"mapping v2 snapshot, not historical PIT sector"
A0_quarter,BATTERY,-31678.469850000005,-0.044841819306303675,"mapping v2 snapshot, not historical PIT sector"
A0_bimonth,IT_HW,368384.81500060076,0.5643743155548248,"mapping v2 snapshot, not historical PIT sector"
A0_bimonth,HEALTH_SVC,83834.25301812406,0.12843607347679792,"mapping v2 snapshot, not historical PIT sector"
A0_bimonth,CONSUMER,54003.45407914669,0.08273457860488935,"mapping v2 snapshot, not historical PIT sector"
A0_bimonth,SHIP_DEF,50918.397982616116,0.07800819914507137,"mapping v2 snapshot, not historical PIT sector"
A0_bimonth,SOFTWARE,41964.33016475012,0.06429035386382284,"mapping v2 snapshot, not historical PIT sector"
A0_bimonth,CONSTRUCT,35179.807978512494,0.0538963041926437,"mapping v2 snapshot, not historical PIT sector"
A0_bimonth,SEMI,30317.60343715082,0.04644729096414219,"mapping v2 snapshot, not historical PIT sector"
A0_bimonth,ENERGY,28759.452211060085,0.044060166153488865,"mapping v2 snapshot, not historical PIT sector"
A0_bimonth,CHEM_STEEL,17714.884644141966,0.027139625438019187,"mapping v2 snapshot, not historical PIT sector"
A0_bimonth,TELCO_MEDIA,2011.3191499999994,0.003081388869521428,"mapping v2 snapshot, not historical PIT sector"
A0_bimonth,FINANCE,1923.3485409357054,0.0029466158000084485,"mapping v2 snapshot, not historical PIT sector"
A0_bimonth,BIO,-15969.156972534864,-0.024465129042702868,"mapping v2 snapshot, not historical PIT sector"
A0_bimonth,AUTO,-16161.295032950726,-0.024759489130099677,"mapping v2 snapshot, not historical PIT sector"
A0_bimonth,BATTERY,-30149.853387500003,-0.04619029389042781,"mapping v2 snapshot, not historical PIT sector"
A2_event,IT_HW,171844.15136771413,0.5690187904482243,"mapping v2 snapshot, not historical PIT sector"
A2_event,HEALTH_SVC,73094.93918847357,0.24203555113093056,"mapping v2 snapshot, not historical PIT sector"
A2_event,SEMI,70651.66023751473,0.23394524591927815,"mapping v2 snapshot, not historical PIT sector"
A2_event,SHIP_DEF,69518.2021558773,0.23019208387387918,"mapping v2 snapshot, not historical PIT sector"
A2_event,CONSTRUCT,27911.49798531329,0.09242192240349323,"mapping v2 snapshot, not historical PIT sector"
A2_event,CHEM_STEEL,15861.675084556055,0.05252195724592196,"mapping v2 snapshot, not historical PIT sector"
A2_event,ENERGY,9593.79998938928,0.031767461518565916,"mapping v2 snapshot, not historical PIT sector"
A2_event,SOFTWARE,7004.985405060015,0.02319525157283644,"mapping v2 snapshot, not historical PIT sector"
A2_event,CONSUMER,-7464.528742114398,-0.02471691403110474,"mapping v2 snapshot, not historical PIT sector"
A2_event,FINANCE,-9789.027289301031,-0.03241390773843494,"mapping v2 snapshot, not historical PIT sector"
A2_event,TELCO_MEDIA,-12208.23519360493,-0.040424507718670386,"mapping v2 snapshot, not historical PIT sector"
A2_event,AUTO,-17980.811302632792,-0.05953894512713768,"mapping v2 snapshot, not historical PIT sector"
A2_event,BATTERY,-33887.56148307522,-0.11221015724345507,"mapping v2 snapshot, not historical PIT sector"
A2_event,BIO,-62149.909728987004,-0.20579383225432687,"mapping v2 snapshot, not historical PIT sector"
A2_quarter,IT_HW,402225.3573007468,0.4622204969064459,"mapping v2 snapshot, not historical PIT sector"
A2_quarter,HEALTH_SVC,143506.27746802752,0.16491139028529572,"mapping v2 snapshot, not historical PIT sector"
A2_quarter,SEMI,110578.58171185841,0.12707226448641987,"mapping v2 snapshot, not historical PIT sector"
A2_quarter,SOFTWARE,100194.19607730552,0.11513896440737413,"mapping v2 snapshot, not historical PIT sector"
A2_quarter,CONSTRUCT,61619.2013142826,0.07081019963932828,"mapping v2 snapshot, not historical PIT sector"
A2_quarter,SHIP_DEF,61106.34419584274,0.07022084576636986,"mapping v2 snapshot, not historical PIT sector"
A2_quarter,CHEM_STEEL,42186.91601892807,0.04847943306229547,"mapping v2 snapshot, not historical PIT sector"
A2_quarter,CONSUMER,34296.24518890746,0.039411805361115354,"mapping v2 snapshot, not historical PIT sector"
A2_quarter,ENERGY,23259.22301822609,0.026728522769646743,"mapping v2 snapshot, not historical PIT sector"
A2_quarter,FINANCE,3972.8799904772204,0.004565466920512938,"mapping v2 snapshot, not historical PIT sector"
A2_quarter,TELCO_MEDIA,-17631.7455559062,-0.020261661887431313,"mapping v2 snapshot, not historical PIT sector"
A2_quarter,BIO,-19309.515515795058,-0.02218968469971435,"mapping v2 snapshot, not historical PIT sector"
A2_quarter,AUTO,-19573.725144986107,-0.022493303315188267,"mapping v2 snapshot, not historical PIT sector"
A2_quarter,BATTERY,-56227.89758927797,-0.06461473970247017,"mapping v2 snapshot, not historical PIT sector"
A2_week,IT_HW,302442.7975067236,0.4994403526506922,"mapping v2 snapshot, not historical PIT sector"
A2_week,HEALTH_SVC,122974.60819264021,0.20307470433792538,"mapping v2 snapshot, not historical PIT sector"
A2_week,SEMI,107098.11280795225,0.17685697814588613,"mapping v2 snapshot, not historical PIT sector"
A2_week,CHEM_STEEL,58479.19710524913,0.09656990037703135,"mapping v2 snapshot, not historical PIT sector"
A2_week,SHIP_DEF,57743.94477799103,0.09535573794816787,"mapping v2 snapshot, not historical PIT sector"
A2_week,CONSTRUCT,52792.5267792787,0.08717919027771824,"mapping v2 snapshot, not historical PIT sector"
A2_week,CONSUMER,29976.105131233293,0.04950118383131459,"mapping v2 snapshot, not historical PIT sector"
A2_week,FINANCE,8410.845623319328,0.013889289937902225,"mapping v2 snapshot, not historical PIT sector"
A2_week,ENERGY,1308.791165924391,0.0021612785189267297,"mapping v2 snapshot, not historical PIT sector"
A2_week,BIO,-302.41488779700194,-0.0004993942638187521,"mapping v2 snapshot, not historical PIT sector"
A2_week,TELCO_MEDIA,-10827.25255838989,-0.017879635027116623,"mapping v2 snapshot, not historical PIT sector"
A2_week,AUTO,-21037.760829319064,-0.03474080644073678,"mapping v2 snapshot, not historical PIT sector"
A2_week,BATTERY,-47449.203973711745,-0.07835546873983133,"mapping v2 snapshot, not historical PIT sector"
A2_week,SOFTWARE,-56046.89792556543,-0.09255331155406157,"mapping v2 snapshot, not historical PIT sector"
B3_w50,IT_HW,185440.00618439016,0.4204650705210642,"mapping v2 snapshot, not historical PIT sector"
B3_w50,CHEM_STEEL,93742.75698014014,0.21255151860435767,"mapping v2 snapshot, not historical PIT sector"
B3_w50,CONSUMER,74835.36979472847,0.16968107198466603,"mapping v2 snapshot, not historical PIT sector"
B3_w50,HEALTH_SVC,73910.51819349994,0.16758407144129134,"mapping v2 snapshot, not historical PIT sector"
B3_w50,FINANCE,73801.50893162956,0.16733690478117916,"mapping v2 snapshot, not historical PIT sector"
B3_w50,SHIP_DEF,58741.78334459874,0.1331906128818867,"mapping v2 snapshot, not historical PIT sector"
B3_w50,ENERGY,37471.914078579735,0.08496349477007056,"mapping v2 snapshot, not historical PIT sector"
B3_w50,AUTO,27547.740182298694,0.062461508477997384,"mapping v2 snapshot, not historical PIT sector"
B3_w50,SEMI,9534.7650296004,0.02161904398658383,"mapping v2 snapshot, not historical PIT sector"
B3_w50,CONSTRUCT,-635.0702834296571,-0.0014399528828885491,"mapping v2 snapshot, not historical PIT sector"
B3_w50,BATTERY,-6823.829666252628,-0.015472292526736127,"mapping v2 snapshot, not historical PIT sector"
B3_w50,TELCO_MEDIA,-32048.044793542882,-0.07266546033643051,"mapping v2 snapshot, not historical PIT sector"
B3_w50,SOFTWARE,-43833.222094015226,-0.0993870696951961,"mapping v2 snapshot, not historical PIT sector"
B3_w50,BIO,-110650.73494706996,-0.25088852200784534,"mapping v2 snapshot, not historical PIT sector"
B3_w55,IT_HW,312962.56594488997,0.2893035646467961,"mapping v2 snapshot, not historical PIT sector"
B3_w55,SEMI,153257.87743241468,0.14167205626505144,"mapping v2 snapshot, not historical PIT sector"
B3_w55,CHEM_STEEL,145952.7780009891,0.13491919973976704,"mapping v2 snapshot, not historical PIT sector"
B3_w55,FINANCE,138271.91252455552,0.12781898391939944,"mapping v2 snapshot, not historical PIT sector"
B3_w55,ENERGY,114708.39851305814,0.10603679863296063,"mapping v2 snapshot, not historical PIT sector"
B3_w55,SOFTWARE,99634.68801601019,0.09210261399307078,"mapping v2 snapshot, not historical PIT sector"
B3_w55,HEALTH_SVC,71911.90627285953,0.0664755887416517,"mapping v2 snapshot, not historical PIT sector"
B3_w55,CONSUMER,47606.837547323245,0.044007907982281894,"mapping v2 snapshot, not historical PIT sector"
B3_w55,AUTO,33500.441701455995,0.03096791199999312,"mapping v2 snapshot, not historical PIT sector"
B3_w55,CONSTRUCT,19186.087049576512,0.017735678253748815,"mapping v2 snapshot, not historical PIT sector"
B3_w55,SHIP_DEF,14826.448014105306,0.013705614435326403,"mapping v2 snapshot, not historical PIT sector"
B3_w55,BIO,10877.273841696984,0.010054985606797516,"mapping v2 snapshot, not historical PIT sector"
B3_w55,BATTERY,-23903.234725000024,-0.022096224165510287,"mapping v2 snapshot, not historical PIT sector"
B3_w55,TELCO_MEDIA,-57014.82429470945,-0.052704680051334794,"mapping v2 snapshot, not historical PIT sector"
B3_beta60d3,IT_HW,317342.4381597765,0.43031225613949853,"mapping v2 snapshot, not historical PIT sector"
B3_beta60d3,SHIP_DEF,179421.73584576452,0.24329356136535218,"mapping v2 snapshot, not historical PIT sector"
B3_beta60d3,ENERGY,160703.7688780895,0.21791223939999466,"mapping v2 snapshot, not historical PIT sector"
B3_beta60d3,FINANCE,147501.08705268335,0.20000957300489358,"mapping v2 snapshot, not historical PIT sector"
B3_beta60d3,AUTO,107546.53786100866,0.1458317192472762,"mapping v2 snapshot, not historical PIT sector"
B3_beta60d3,HEALTH_SVC,72769.29898791687,0.09867423155491864,"mapping v2 snapshot, not historical PIT sector"
B3_beta60d3,CHEM_STEEL,14236.795474137387,0.0193049111748117,"mapping v2 snapshot, not historical PIT sector"
B3_beta60d3,SEMI,10316.148647015802,0.013988564607714903,"mapping v2 snapshot, not historical PIT sector"
B3_beta60d3,SOFTWARE,-6552.909388772714,-0.008885660675301074,"mapping v2 snapshot, not historical PIT sector"
B3_beta60d3,BATTERY,-19201.710068165852,-0.02603727137499595,"mapping v2 snapshot, not historical PIT sector"
B3_beta60d3,CONSUMER,-22118.5543294504,-0.02999247460012827,"mapping v2 snapshot, not historical PIT sector"
B3_beta60d3,CONSTRUCT,-58198.01993487559,-0.07891576495803862,"mapping v2 snapshot, not historical PIT sector"
B3_beta60d3,TELCO_MEDIA,-64183.053938871344,-0.08703139393053154,"mapping v2 snapshot, not historical PIT sector"
B3_beta60d3,BIO,-102113.42700895484,-0.1384644909554643,"mapping v2 snapshot, not historical PIT sector"
