variant,topN,netPnlUSD,totalPnlUSD,share,symbols
A0_event,1,64613.509779999935,446931.0797964998,0.14457152948374113,LITE
A0_event,3,170624.28415499997,446931.0797964998,0.38176867053571206,LITE|TXG|RKLB
A0_event,5,251231.82187999992,446931.0797964998,0.5621265408402405,LITE|TXG|RKLB|QUBT|AAOI
A0_event,10,402513.2616893892,446931.0797964998,0.9006159559828882,LITE|TXG|RKLB|QUBT|AAOI|VSXY|FIX|CLS|ATI|OPTX
A0_quarter,1,113638.86080000013,706449.2551832476,0.16085919825978592,QUBT
A0_quarter,3,291588.50425250013,706449.2551832476,0.4127522282925534,QUBT|LITE|TXG
A0_quarter,5,403425.65372750006,706449.2551832476,0.5710610504116881,QUBT|LITE|TXG|RKLB|AAOI
A0_quarter,10,610760.5003779235,706449.2551832476,0.864549712377426,QUBT|LITE|TXG|RKLB|AAOI|SEZL|FIX|VSXY|CLS|ICHR
A0_bimonth,1,118882.42215000006,652731.3608140534,0.1821307038193108,QUBT
A0_bimonth,3,280445.08871499996,652731.3608140534,0.4296485591947705,QUBT|LITE|TXG
A0_bimonth,5,385804.26599000004,652731.3608140534,0.5910613295933024,QUBT|LITE|TXG|AAOI|RKLB
A0_bimonth,10,575623.8629551275,652731.3608140534,0.8818694757323113,QUBT|LITE|TXG|AAOI|RKLB|FIX|CLS|VSXY|ATI|ICHR
A2_event,1,69423.85316749987,302000.83767418296,0.22987967087163705,QUBT
A2_event,3,187803.2050024999,302000.83767418296,0.6218631923303256,QUBT|LITE|RKLB
A2_event,5,275123.8307074999,302000.83767418296,0.9110035350442317,QUBT|LITE|RKLB|TXG|COHR
A2_event,10,425140.6821350277,302000.83767418296,1.4077466983508689,QUBT|LITE|RKLB|TXG|COHR|VIST|FIX|WGS|ATI|FCEL
A2_quarter,1,161578.5319250002,870202.3384786369,0.18567926651114933,QUBT
A2_quarter,3,396211.3788375004,870202.3384786369,0.45530948529762794,QUBT|LITE|TXG
A2_quarter,5,557571.3911200003,870202.3384786369,0.6407376382081378,QUBT|LITE|TXG|RKLB|AAOI
A2_quarter,10,831676.2558453297,870202.3384786369,0.955727442998301,QUBT|LITE|TXG|RKLB|AAOI|PENG|COHR|FIX|ICHR|ATI
A2_week,1,94223.64848999993,605563.398915529,0.15559667023921855,LITE
A2_week,3,271664.86475249985,605563.398915529,0.44861506695914893,LITE|TXG|AAOI
A2_week,5,429324.3638574999,605563.398915529,0.7089668309319122,LITE|TXG|AAOI|QUBT|RKLB
A2_week,10,646808.3785967553,605563.398915529,1.0681100934354515,LITE|TXG|AAOI|QUBT|RKLB|COHR|FIX|ATI|WGS|VIST
B3_w50,1,93469.00012500024,441035.4609351554,0.21193080467228645,RIOT
B3_w50,3,211221.49769750034,441035.4609351554,0.4789218020012133,RIOT|AR|QMCO
B3_w50,5,314962.02206929866,441035.4609351554,0.7141421721542861,RIOT|AR|QMCO|BELFB|CBAT
B3_w50,10,530629.6487517988,441035.4609351554,1.2031450886662745,RIOT|AR|QMCO|BELFB|CBAT|FLGT|NKTR|SATX|PLUG|RSI
B3_w55,1,142932.6036499995,1081779.155839226,0.1321273412216145,LITE
B3_w55,3,389661.1177424997,1081779.155839226,0.36020394332723776,LITE|MARA|BATL
B3_w55,5,566217.5094862096,1081779.155839226,0.5234132183356294,LITE|MARA|BATL|CIEN|BELFB
B3_w55,10,915022.0242712097,1081779.155839226,0.8458491914288653,LITE|MARA|BATL|CIEN|BELFB|DOCN|CRDO|PLTR|PLSE|SMTC
B3_beta60d3,1,133353.96851249994,737470.1362373014,0.18082626259674006,BATL
B3_beta60d3,3,352785.3641699994,737470.1362373014,0.478372407010229,BATL|QMCO|QBTS
B3_beta60d3,5,536382.3016849991,737470.1362373014,0.7273274880278044,BATL|QMCO|QBTS|CVNA|RIOT
B3_beta60d3,10,786865.1714137073,737470.1362373014,1.0669790310810792,BATL|QMCO|QBTS|CVNA|RIOT|PLTR|SEZL|EYPT|XMTR|NEGG
