symbol,start_date,end_date
000250,2018-06-15,2026-09-11
003380,2017-12-15,2026-09-11
003670,2016-08-12,2019-05-28
005290,2016-08-12,2026-09-11
006730,2016-08-12,2026-09-11
007390,2017-12-15,2026-09-11
007820,2017-12-15,2020-06-11
009520,2023-06-09,2026-09-11
010170,2018-12-14,2019-12-12
013030,2018-06-15,2020-06-11
014200,2016-12-09,2018-06-14
014620,2016-08-12,2020-12-10
014620,2025-06-13,2026-09-11
015750,2016-08-12,2020-12-10
015750,2021-06-11,2026-09-11
016100,2016-08-12,2019-12-12
016170,2016-08-12,2018-08-29
016250,2016-08-12,2020-06-11
016790,2022-12-09,2024-04-15
018000,2017-12-15,2019-06-13
018000,2021-06-11,2022-06-09
018290,2024-06-14,2026-09-11
019210,2016-08-12,2020-06-11
022100,2016-08-12,2023-12-28
023160,2016-08-12,2020-12-10
023410,2016-08-12,2023-06-08
024660,2016-08-12,2018-06-27
025320,2024-06-14,2026-09-11
025770,2016-08-12,2019-12-12
025900,2016-08-12,2026-09-11
025980,2016-08-12,2026-09-11
027050,2016-08-12,2018-12-13
027360,2021-06-11,2023-12-14
028150,2016-08-12,2021-06-28
028300,2016-08-12,2026-09-11
029960,2018-12-14,2023-12-14
030190,2018-06-15,2023-08-07
030520,2016-08-12,2019-12-12
030520,2022-08-22,2026-09-11
030530,2016-08-12,2023-12-14
031390,2016-08-12,2021-10-27
031980,2017-12-15,2019-06-13
031980,2024-03-26,2026-09-11
032190,2020-06-12,2026-09-11
032500,2019-03-22,2026-09-11
032820,2025-12-12,2026-09-11
033100,2024-06-14,2026-09-11
033290,2017-12-15,2024-06-13
033310,2021-12-10,2022-06-09
033500,2025-06-13,2026-09-11
033640,2019-12-13,2025-06-12
034230,2016-08-12,2024-06-21
034950,2025-06-13,2025-12-11
035080,2016-08-12,2018-12-13
035080,2021-12-10,2022-12-08
035600,2016-08-12,2025-06-12
035760,2016-08-12,2026-09-11
035810,2016-08-12,2021-06-10
035890,2016-08-12,2020-03-25
035900,2018-06-15,2026-09-11
036420,2016-08-12,2019-10-17
036490,2016-08-12,2021-11-26
036540,2017-06-09,2018-06-14
036540,2019-12-13,2026-09-11
036620,2025-12-12,2026-09-11
036630,2016-08-12,2020-06-11
036810,2021-06-11,2026-09-11
036830,2016-08-12,2026-09-11
036930,2016-08-12,2026-09-11
038290,2016-08-12,2019-12-12
038500,2018-12-14,2023-12-14
038540,2017-06-09,2019-06-13
038540,2020-06-12,2023-12-14
039030,2016-08-12,2026-09-11
039200,2018-06-15,2026-09-11
039840,2016-08-12,2020-12-10
041140,2016-08-12,2018-12-13
041190,2021-06-11,2026-09-11
041510,2016-08-12,2026-09-11
041830,2016-08-12,2020-12-10
041960,2016-08-12,2024-06-13
042000,2018-06-15,2022-12-08
042000,2024-12-13,2026-09-11
043150,2016-08-12,2020-12-10
043370,2016-08-12,2019-06-13
044490,2016-08-12,2020-06-11
045100,2018-12-14,2020-06-11
045390,2018-12-14,2022-06-09
046890,2016-08-12,2026-06-11
048260,2016-08-12,2022-03-15
048410,2019-12-13,2026-09-11
048530,2016-08-12,2022-12-08
049070,2022-12-09,2025-12-11
049950,2017-12-15,2020-12-10
049960,2016-08-12,2018-12-13
050890,2025-06-13,2026-09-11
051370,2017-06-09,2019-06-13
051500,2016-08-12,2020-12-10
052020,2018-12-14,2021-06-10
052020,2022-12-09,2024-03-25
052400,2021-12-10,2022-12-08
052400,2025-12-12,2026-09-11
052710,2018-08-30,2018-12-13
053030,2016-08-12,2019-12-12
053030,2021-06-11,2023-06-08
053030,2025-03-26,2026-06-11
053610,2023-12-15,2025-12-11
053800,2016-08-12,2026-09-11
054050,2016-08-12,2018-06-14
054950,2016-08-12,2018-12-13
056080,2025-12-12,2026-09-11
056190,2016-08-12,2026-09-11
058470,2016-08-12,2026-09-11
058610,2023-12-15,2026-09-11
058820,2016-12-09,2022-12-08
058970,2023-12-15,2026-06-11
059090,2025-12-12,2026-06-11
060150,2019-06-14,2023-12-14
060250,2016-08-12,2018-06-14
060250,2019-12-13,2026-09-11
060280,2023-12-15,2026-09-11
060370,2025-12-12,2026-09-11
060570,2018-06-15,2021-06-10
060720,2020-06-12,2024-12-12
061970,2019-12-13,2024-06-13
063080,2016-08-12,2019-12-12
063570,2018-04-16,2020-12-10
064240,2016-12-09,2018-12-13
064260,2022-06-10,2023-12-14
064550,2021-12-10,2025-12-11
064760,2016-12-09,2026-09-11
065160,2016-08-12,2018-04-13
065350,2024-12-13,2026-09-11
065620,2016-08-12,2020-04-21
065660,2018-06-15,2021-06-10
066970,2017-06-09,2024-01-26
067080,2016-08-12,2019-12-12
067160,2018-12-14,2026-09-11
067290,2016-08-12,2019-12-12
067310,2022-06-10,2026-09-11
067390,2016-08-12,2020-06-11
067630,2018-06-28,2025-03-25
068240,2016-08-12,2025-06-12
068270,2016-08-12,2018-02-08
068760,2016-08-12,2026-09-11
069080,2016-08-12,2022-06-09
069080,2024-08-16,2026-09-11
073070,2018-06-15,2020-03-26
074600,2021-12-10,2026-09-11
078020,2020-06-12,2022-12-08
078130,2019-12-13,2023-04-05
078150,2017-06-09,2018-06-14
078160,2016-08-12,2021-12-09
078340,2016-08-12,2026-09-11
078600,2020-12-11,2026-09-11
079370,2025-06-13,2026-06-11
080160,2016-08-12,2020-12-10
080160,2021-06-29,2024-06-13
080220,2024-06-14,2026-09-11
080420,2017-12-15,2019-12-12
082270,2016-08-12,2020-03-24
082270,2021-06-11,2026-09-11
083650,2025-12-12,2026-09-11
083790,2016-08-12,2021-12-09
084110,2016-08-12,2020-12-10
084110,2021-12-10,2022-06-09
084370,2016-08-12,2019-06-13
084370,2020-06-12,2026-09-11
084850,2020-06-12,2025-12-11
084990,2016-08-12,2023-12-14
085370,2016-08-12,2018-06-14
085660,2016-08-12,2018-03-27
085660,2020-06-12,2026-09-11
086390,2022-06-10,2024-06-13
086450,2016-08-12,2026-06-11
086520,2017-12-15,2026-09-11
086900,2016-08-12,2026-06-11
086980,2016-08-12,2018-06-14
087010,2018-06-15,2019-12-12
087010,2024-06-14,2026-09-11
088800,2020-03-25,2023-06-08
089030,2024-06-14,2026-09-11
089600,2016-08-12,2020-12-10
089980,2020-12-11,2024-06-13
090460,2017-12-15,2023-06-19
090470,2017-07-10,2018-06-14
091120,2023-03-28,2025-12-11
091700,2016-08-12,2025-12-11
091990,2017-12-15,2023-12-14
092040,2016-08-12,2023-12-14
092190,2020-12-11,2022-12-08
092730,2018-12-14,2021-06-10
094360,2024-06-14,2025-12-11
095340,2022-12-09,2026-09-11
095500,2023-06-09,2025-12-11
095610,2017-06-09,2026-09-11
095660,2016-08-12,2018-06-14
095660,2023-12-15,2026-09-11
095700,2016-08-12,2024-06-13
096530,2016-08-12,2026-09-11
098460,2016-08-12,2026-09-11
099190,2016-08-12,2018-12-13
099190,2023-12-15,2025-12-11
100090,2021-06-11,2023-04-18
100120,2016-08-12,2019-12-12
100130,2016-08-12,2019-06-13
101360,2024-06-24,2026-06-11
101490,2020-12-11,2026-09-11
101730,2025-06-13,2026-09-11
102710,2016-08-12,2018-12-13
102710,2020-04-22,2023-06-08
102940,2016-08-12,2019-08-20
104480,2021-12-10,2023-12-14
104830,2016-08-12,2023-12-14
108230,2016-08-12,2022-06-09
108320,2016-08-12,2022-11-02
108490,2025-12-12,2026-09-11
108790,2016-08-12,2019-06-13
108860,2023-12-15,2026-03-12
109610,2016-12-09,2018-06-14
110790,2022-06-10,2023-06-08
112040,2016-08-12,2026-09-11
114570,2016-08-12,2018-06-14
114840,2024-12-13,2025-12-11
115450,2016-08-12,2021-12-09
115450,2024-09-25,2025-12-11
115960,2016-12-09,2020-12-10
118990,2023-12-15,2025-06-12
119610,2016-08-12,2019-06-13
119860,2020-03-27,2022-06-09
119860,2022-11-28,2024-08-14
121440,2016-08-12,2019-06-13
121600,2022-06-10,2026-09-11
121800,2022-06-10,2022-08-19
122870,2016-08-12,2026-09-11
123100,2018-02-09,2018-06-14
130960,2016-08-12,2018-06-27
131290,2021-06-11,2026-09-11
131370,2020-12-11,2022-12-08
131970,2021-06-11,2026-09-11
136480,2016-08-12,2018-06-14
137400,2020-12-11,2026-09-11
138080,2019-12-13,2022-06-09
140410,2018-12-14,2026-03-19
140860,2021-06-11,2026-09-11
141080,2016-12-09,2026-09-11
144510,2018-06-15,2025-06-12
145020,2016-08-12,2026-09-11
151910,2021-12-10,2023-03-27
160190,2025-06-13,2026-03-25
161580,2025-06-13,2026-09-11
166090,2021-06-11,2026-09-11
168330,2016-08-12,2019-03-21
171090,2024-12-13,2026-09-11
174900,2018-06-28,2018-12-13
178320,2019-12-13,2026-09-11
178920,2016-08-12,2021-08-06
179900,2024-06-14,2026-03-26
182400,2016-08-12,2021-12-09
182400,2022-06-10,2024-04-30
183300,2021-12-10,2026-09-11
183490,2018-12-14,2022-06-09
189300,2022-06-10,2026-09-11
192080,2016-08-12,2019-03-11
192440,2016-08-12,2018-06-14
194480,2021-06-11,2022-12-08
194480,2023-12-15,2026-09-11
195940,2021-12-10,2026-09-11
196170,2019-06-14,2026-09-11
200130,2016-08-12,2026-06-11
200230,2018-03-28,2021-12-09
200670,2016-08-12,2018-12-13
204270,2020-12-11,2022-06-09
204270,2023-12-15,2026-09-11
206640,2016-08-12,2019-06-13
206650,2021-10-28,2023-06-08
211050,2025-12-12,2026-09-11
213420,2016-08-12,2026-09-11
214150,2019-12-13,2026-09-11
214370,2016-08-12,2019-04-09
214370,2022-03-16,2026-09-11
214430,2025-12-12,2026-09-11
214450,2016-08-12,2026-09-11
215000,2022-06-10,2026-06-11
215200,2018-12-14,2026-09-11
215360,2016-12-09,2020-06-11
215600,2017-06-09,2020-06-11
215600,2022-12-09,2024-12-12
217480,2018-06-15,2019-12-12
218410,2018-12-14,2026-09-11
222040,2016-08-12,2020-06-11
222080,2020-12-11,2026-09-11
222800,2021-06-11,2026-09-11
225570,2022-06-10,2026-09-11
226950,2025-12-12,2026-09-11
230360,2019-12-13,2022-06-09
232140,2024-12-13,2026-09-11
235980,2020-12-11,2023-12-14
237690,2016-12-09,2026-09-11
237880,2017-06-09,2021-06-10
240810,2016-12-09,2026-09-11
241710,2017-06-09,2019-12-12
241710,2024-12-13,2026-09-11
243070,2017-06-09,2023-06-08
247540,2019-06-14,2026-09-11
251970,2025-12-12,2026-09-11
253450,2018-06-15,2026-09-11
253590,2024-12-13,2026-09-11
256840,2021-12-10,2023-06-08
257720,2024-06-14,2026-09-11
263750,2017-12-15,2026-09-11
265520,2017-06-09,2018-12-13
265520,2019-08-21,2022-12-08
267980,2018-06-15,2025-12-11
268600,2020-06-12,2023-04-14
272290,2017-12-15,2026-09-11
277810,2023-06-09,2026-09-11
278280,2019-06-14,2026-09-11
281740,2023-04-06,2026-09-11
290510,2020-12-11,2022-11-25
290650,2020-12-11,2026-09-11
293490,2020-12-11,2026-09-11
293780,2021-12-10,2022-12-08
294090,2022-12-09,2024-06-13
294570,2021-12-10,2023-12-14
298380,2019-06-14,2026-09-11
298540,2022-12-09,2024-06-13
299660,2021-12-10,2022-06-09
299900,2022-06-10,2023-12-14
304100,2025-12-12,2026-06-11
310210,2023-12-15,2026-09-11
317330,2024-12-13,2025-12-11
319660,2021-07-06,2026-09-11
323280,2025-06-13,2026-09-11
323990,2021-06-11,2024-12-12
328130,2023-12-15,2026-09-11
336570,2023-12-15,2026-06-11
347850,2025-12-12,2026-09-11
348210,2022-11-03,2026-09-11
348370,2022-06-10,2026-09-11
352480,2024-04-16,2026-09-11
357780,2020-12-11,2026-09-11
358570,2024-05-02,2026-09-11
365340,2022-12-09,2026-06-11
372170,2023-06-09,2025-06-12
376300,2022-12-09,2026-09-11
383310,2021-12-10,2026-06-11
388720,2025-12-12,2026-09-11
393890,2022-12-09,2025-06-12
394280,2024-06-14,2025-12-11
399720,2024-06-14,2026-09-11
403870,2022-12-09,2026-09-11
417200,2024-06-14,2026-09-11
418550,2023-12-15,2025-06-12
420770,2024-06-14,2025-12-11
425040,2024-01-02,2025-06-12
466100,2025-12-12,2026-09-11
